filename,label
normal (1).wav,normal
normal (2).wav,normal
normal (3).wav,normal
normal (4).wav,normal
normal (5).wav,normal
normal (6).wav,normal
normal (7).wav,normal
normal (8).wav,normal
normal (9).wav,normal
normal (10).wav,normal
normal (11).wav,normal
normal (12).wav,normal
normal (13).wav,normal
normal (14).wav,normal
normal (15).wav,normal
normal (16).wav,normal
normal (17).wav,normal
normal (18).wav,normal
normal (19).wav,normal
normal (20).wav,normal
normal (21).wav,normal
normal (22).wav,normal
normal (23).wav,normal
normal (24).wav,normal
normal (25).wav,normal
normal (26).wav,normal
normal (27).wav,normal
normal (28).wav,normal
normal (29).wav,normal
normal (30).wav,normal
normal (31).wav,normal
normal (32).wav,normal
normal (33).wav,normal
normal (34).wav,normal
normal (35).wav,normal
normal (36).wav,normal
normal (37).wav,normal
normal (38).wav,normal
normal (39).wav,normal
normal (40).wav,normal
normal (41).wav,normal
normal (42).wav,normal
normal (43).wav,normal
normal (44).wav,normal
normal (45).wav,normal
normal (46).wav,normal
normal (47).wav,normal
normal (48).wav,normal
normal (49).wav,normal
normal (50).wav,normal
normal (51).wav,normal
normal (52).wav,normal
normal (53).wav,normal
normal (54).wav,normal
normal (55).wav,normal
normal (56).wav,normal
normal (57).wav,normal
normal (58).wav,normal
normal (59).wav,normal
normal (60).wav,normal
normal (61).wav,normal
normal (62).wav,normal
normal (63).wav,normal
normal (64).wav,normal
normal (65).wav,normal
normal (66).wav,normal
normal (67).wav,normal
normal (68).wav,normal
normal (69).wav,normal
normal (70).wav,normal
normal (71).wav,normal
normal (72).wav,normal
normal (73).wav,normal
normal (74).wav,normal
normal (75).wav,normal
normal (76).wav,normal
normal (77).wav,normal
normal (78).wav,normal
normal (79).wav,normal
normal (80).wav,normal
normal (81).wav,normal
normal (82).wav,normal
normal (83).wav,normal
normal (84).wav,normal
normal (85).wav,normal
normal (86).wav,normal
normal (87).wav,normal
normal (88).wav,normal
normal (89).wav,normal
normal (90).wav,normal
normal (91).wav,normal
normal (92).wav,normal
normal (93).wav,normal
normal (94).wav,normal
normal (95).wav,normal
normal (96).wav,normal
normal (97).wav,normal
normal (98).wav,normal
normal (99).wav,normal
normal (100).wav,normal
normal (101).wav,normal
normal (102).wav,normal
normal (103).wav,normal
normal (104).wav,normal
pnenomia (1).wav,pneumonia
pnenomia (2).wav,pneumonia
pnenomia (3).wav,pneumonia
pnenomia (4).wav,pneumonia
pnenomia (5).wav,pneumonia
pnenomia (6).wav,pneumonia
pnenomia (7).wav,pneumonia
pnenomia (8).wav,pneumonia
pnenomia (9).wav,pneumonia
pnenomia (10).wav,pneumonia
pnenomia (11).wav,pneumonia
pnenomia (12).wav,pneumonia
pnenomia (13).wav,pneumonia
pnenomia (14).wav,pneumonia
pnenomia (15).wav,pneumonia
pnenomia (16).wav,pneumonia
pnenomia (17).wav,pneumonia
pnenomia (18).wav,pneumonia
pnenomia (19).wav,pneumonia
pnenomia (20).wav,pneumonia
pnenomia (21).wav,pneumonia
pnenomia (22).wav,pneumonia
pnenomia (23).wav,pneumonia
pnenomia (24).wav,pneumonia
pnenomia (25).wav,pneumonia
pnenomia (26).wav,pneumonia
pnenomia (27).wav,pneumonia
pnenomia (28).wav,pneumonia
pnenomia (29).wav,pneumonia
pnenomia (30).wav,pneumonia
pnenomia (31).wav,pneumonia
pnenomia (32).wav,pneumonia
pnenomia (33).wav,pneumonia
pnenomia (34).wav,pneumonia
pnenomia (35).wav,pneumonia
pnenomia (36).wav,pneumonia
pnenomia (37).wav,pneumonia
pnenomia (38).wav,pneumonia
pnenomia (39).wav,pneumonia
pnenomia (40).wav,pneumonia
pnenomia (41).wav,pneumonia
pnenomia (42).wav,pneumonia
pnenomia (43).wav,pneumonia
pnenomia (44).wav,pneumonia
pnenomia (45).wav,pneumonia
pnenomia (46).wav,pneumonia
pnenomia (47).wav,pneumonia
pnenomia (48).wav,pneumonia
pnenomia (49).wav,pneumonia
pnenomia (50).wav,pneumonia
pnenomia (51).wav,pneumonia
pnenomia (52).wav,pneumonia
pnenomia (53).wav,pneumonia
pnenomia (54).wav,pneumonia
pnenomia (55).wav,pneumonia
pnenomia (56).wav,pneumonia
pnenomia (57).wav,pneumonia
pnenomia (58).wav,pneumonia
pnenomia (59).wav,pneumonia
pnenomia (60).wav,pneumonia
pnenomia (61).wav,pneumonia
pnenomia (62).wav,pneumonia
pnenomia (63).wav,pneumonia
pnenomia (64).wav,pneumonia
pnenomia (65).wav,pneumonia
pnenomia (66).wav,pneumonia
pnenomia (67).wav,pneumonia
pnenomia (68).wav,pneumonia
pnenomia (69).wav,pneumonia
pnenomia (70).wav,pneumonia
pnenomia (71).wav,pneumonia
pnenomia (72).wav,pneumonia
pnenomia (73).wav,pneumonia
pnenomia (74).wav,pneumonia
pnenomia (75).wav,pneumonia
pnenomia (76).wav,pneumonia
pnenomia (77).wav,pneumonia
pnenomia (78).wav,pneumonia
pnenomia (79).wav,pneumonia
pnenomia (80).wav,pneumonia
pnenomia (81).wav,pneumonia
pnenomia (82).wav,pneumonia
tb (1).wav,tb
tb (2).wav,tb
tb (3).wav,tb
tb (4).wav,tb
tb (5).wav,tb
tb (6).wav,tb
tb (7).wav,tb
tb (8).wav,tb
tb (9).wav,tb
tb (10).wav,tb
tb (11).wav,tb
tb (12).wav,tb
tb (13).wav,tb
tb (14).wav,tb
tb (15).wav,tb
tb (16).wav,tb
tb (17).wav,tb
tb (18).wav,tb
tb (19).wav,tb
tb (20).wav,tb
tb (21).wav,tb
tb (22).wav,tb
tb (23).wav,tb
tb (24).wav,tb
tb (25).wav,tb
tb (26).wav,tb
tb (27).wav,tb
tb (28).wav,tb
tb (29).wav,tb
tb (30).wav,tb
tb (31).wav,tb
tb (32).wav,tb
tb (33).wav,tb
tb (34).wav,tb
tb (35).wav,tb
tb (36).wav,tb
tb (37).wav,tb
tb (38).wav,tb
tb (39).wav,tb
tb (40).wav,tb
tb (41).wav,tb
tb (42).wav,tb
tb (43).wav,tb
tb (44).wav,tb
tb (45).wav,tb
tb (46).wav,tb
tb (47).wav,tb
tb (48).wav,tb
tb (49).wav,tb
tb (50).wav,tb
tb (51).wav,tb
tb (52).wav,tb
tb (53).wav,tb
tb (54).wav,tb
tb (55).wav,tb
tb (56).wav,tb
tb (57).wav,tb
tb (58).wav,tb
tb (59).wav,tb
tb (60).wav,tb
tb (61).wav,tb
tb (62).wav,tb
tb (63).wav,tb
tb (64).wav,tb
tb (65).wav,tb
tb (66).wav,tb
tb (67).wav,tb
tb (68).wav,tb
tb (69).wav,tb
tb (70).wav,tb
tb (71).wav,tb
tb (72).wav,tb
tb (73).wav,tb
tb (74).wav,tb
tb (75).wav,tb
tb (76).wav,tb
tb (77).wav,tb
tb (78).wav,tb
tb (79).wav,tb
tb (80).wav,tb
tb (81).wav,tb
tb (82).wav,tb
tb (83).wav,tb
tb (84).wav,tb
tb (85).wav,tb
tb (86).wav,tb
tb (87).wav,tb
tb (88).wav,tb
tb (89).wav,tb
tb (90).wav,tb
tb (91).wav,tb
tb (92).wav,tb
tb (93).wav,tb
tb (94).wav,tb
tb (95).wav,tb
tb (96).wav,tb
tb (97).wav,tb
tb (98).wav,tb
tb (99).wav,tb
tb (100).wav,tb
tb (101).wav,tb
tb (102).wav,tb
tb (103).wav,tb
tb (104).wav,tb
tb (105).wav,tb
tb (106).wav,tb
tb (107).wav,tb
tb (108).wav,tb
tb (109).wav,tb
tb (110).wav,tb
tb (111).wav,tb
tb (112).wav,tb
tb (113).wav,tb
tb (114).wav,tb
tb (115).wav,tb
tb (116).wav,tb
tb (117).wav,tb
tb (118).wav,tb
tb (119).wav,tb
tb (120).wav,tb
tb (121).wav,tb
tb (122).wav,tb
tb (123).wav,tb
tb (124).wav,tb
tb (125).wav,tb
tb (126).wav,tb
tb (127).wav,tb
tb (128).wav,tb
tb (129).wav,tb
tb (130).wav,tb
tb (131).wav,tb
tb (132).wav,tb
tb (133).wav,tb
tb (134).wav,tb
tb (135).wav,tb
tb (136).wav,tb
tb (137).wav,tb
tb (138).wav,tb
tb (139).wav,tb
tb (140).wav,tb
tb (141).wav,tb
tb (142).wav,tb
tb (143).wav,tb
tb (144).wav,tb
tb (145).wav,tb
tb (146).wav,tb
tb (147).wav,tb
tb (148).wav,tb
tb (149).wav,tb
tb (150).wav,tb
tb (151).wav,tb
tb (152).wav,tb
tb (153).wav,tb
tb (154).wav,tb
tb (155).wav,tb
tb (156).wav,tb
tb (157).wav,tb
tb (158).wav,tb
tb (159).wav,tb
tb (160).wav,tb
tb (161).wav,tb
tb (162).wav,tb
tb (163).wav,tb
tb (164).wav,tb
tb (165).wav,tb
tb (166).wav,tb
tb (167).wav,tb
tb (168).wav,tb
tb (169).wav,tb
tb (170).wav,tb
tb (171).wav,tb
tb (172).wav,tb
tb (173).wav,tb
tb (174).wav,tb
tb (175).wav,tb
tb (176).wav,tb
tb (177).wav,tb
tb (178).wav,tb
tb (179).wav,tb
tb (180).wav,tb
tb (181).wav,tb
tb (182).wav,tb
tb (183).wav,tb
tb (184).wav,tb
tb (185).wav,tb
tb (186).wav,tb
tb (187).wav,tb
tb (188).wav,tb
tb (189).wav,tb
tb (190).wav,tb
tb (191).wav,tb
tb (192).wav,tb
tb (193).wav,tb
tb (194).wav,tb
tb (195).wav,tb
tb (196).wav,tb
tb (197).wav,tb
tb (198).wav,tb
tb (199).wav,tb
tb (200).wav,tb
tb (201).wav,tb
tb (202).wav,tb
tb (203).wav,tb
tb (204).wav,tb
tb (205).wav,tb
tb (206).wav,tb
tb (207).wav,tb
tb (208).wav,tb
tb (209).wav,tb
tb (210).wav,tb
tb (211).wav,tb
tb (212).wav,tb
tb (213).wav,tb
tb (214).wav,tb
tb (215).wav,tb
tb (216).wav,tb
tb (217).wav,tb
tb (218).wav,tb
tb (219).wav,tb
tb (220).wav,tb
tb (221).wav,tb
tb (222).wav,tb
tb (223).wav,tb
tb (224).wav,tb
tb (225).wav,tb
tb (226).wav,tb
tb (227).wav,tb
tb (228).wav,tb
tb (229).wav,tb
tb (230).wav,tb
tb (231).wav,tb
tb (232).wav,tb
tb (233).wav,tb
tb (234).wav,tb
tb (235).wav,tb
tb (236).wav,tb
tb (237).wav,tb
tb (238).wav,tb
tb (239).wav,tb
tb (240).wav,tb
tb (241).wav,tb
tb (242).wav,tb
tb (243).wav,tb
tb (244).wav,tb
tb (245).wav,tb
tb (246).wav,tb
tb (247).wav,tb
tb (248).wav,tb
tb (249).wav,tb
tb (250).wav,tb
tb (251).wav,tb
tb (252).wav,tb
tb (253).wav,tb
tb (254).wav,tb
tb (255).wav,tb
tb (256).wav,tb
tb (257).wav,tb
tb (258).wav,tb
tb (259).wav,tb
tb (260).wav,tb
tb (261).wav,tb
tb (262).wav,tb
tb (263).wav,tb
tb (264).wav,tb
tb (265).wav,tb
tb (266).wav,tb
tb (267).wav,tb
tb (268).wav,tb
tb (269).wav,tb
tb (270).wav,tb
tb (271).wav,tb
tb (272).wav,tb
tb (273).wav,tb
tb (274).wav,tb
tb (275).wav,tb
tb (276).wav,tb
tb (277).wav,tb
tb (278).wav,tb
tb (279).wav,tb
tb (280).wav,tb
tb (281).wav,tb
tb (282).wav,tb
tb (283).wav,tb
tb (284).wav,tb
tb (285).wav,tb
tb (286).wav,tb
tb (287).wav,tb
tb (288).wav,tb
tb (289).wav,tb
tb (290).wav,tb
tb (291).wav,tb
tb (292).wav,tb
tb (293).wav,tb
tb (294).wav,tb
tb (295).wav,tb
tb (296).wav,tb
tb (297).wav,tb
tb (298).wav,tb
tb (299).wav,tb
tb (300).wav,tb
tb (301).wav,tb
tb (302).wav,tb
tb (303).wav,tb
tb (304).wav,tb
tb (305).wav,tb
tb (306).wav,tb
tb (307).wav,tb
tb (308).wav,tb
tb (309).wav,tb
tb (310).wav,tb
tb (311).wav,tb
tb (312).wav,tb
tb (313).wav,tb
tb (314).wav,tb
tb (315).wav,tb
tb (316).wav,tb
tb (317).wav,tb
tb (318).wav,tb
tb (319).wav,tb
tb (320).wav,tb
tb (321).wav,tb
tb (322).wav,tb
tb (323).wav,tb
tb (324).wav,tb
tb (325).wav,tb
tb (326).wav,tb
tb (327).wav,tb
tb (328).wav,tb
tb (329).wav,tb
tb (330).wav,tb
tb (331).wav,tb
tb (332).wav,tb
tb (333).wav,tb
tb (334).wav,tb
tb (335).wav,tb
tb (336).wav,tb
tb (337).wav,tb
tb (338).wav,tb
tb (339).wav,tb
tb (340).wav,tb
tb (341).wav,tb
tb (342).wav,tb
tb (343).wav,tb
tb (344).wav,tb
tb (345).wav,tb
tb (346).wav,tb
tb (347).wav,tb
tb (348).wav,tb
tb (349).wav,tb
tb (350).wav,tb
tb (351).wav,tb
tb (352).wav,tb
tb (353).wav,tb
tb (354).wav,tb
tb (355).wav,tb
tb (356).wav,tb
tb (357).wav,tb
tb (358).wav,tb
tb (359).wav,tb
tb (360).wav,tb
tb (361).wav,tb
tb (362).wav,tb
tb (363).wav,tb
tb (364).wav,tb
tb (365).wav,tb
tb (366).wav,tb
tb (367).wav,tb
tb (368).wav,tb
tb (369).wav,tb
tb (370).wav,tb
tb (371).wav,tb
tb (372).wav,tb
tb (373).wav,tb
tb (374).wav,tb
tb (375).wav,tb
tb (376).wav,tb
tb (377).wav,tb
tb (378).wav,tb
tb (379).wav,tb
tb (380).wav,tb
tb (381).wav,tb
tb (382).wav,tb
tb (383).wav,tb
tb (384).wav,tb
tb (385).wav,tb
tb (386).wav,tb
tb (387).wav,tb
tb (388).wav,tb
tb (389).wav,tb
tb (390).wav,tb
tb (391).wav,tb
tb (392).wav,tb
tb (393).wav,tb
tb (394).wav,tb
tb (395).wav,tb
tb (396).wav,tb
tb (397).wav,tb
tb (398).wav,tb
tb (399).wav,tb
tb (400).wav,tb
tb (401).wav,tb
tb (402).wav,tb
tb (403).wav,tb
tb (404).wav,tb
tb (405).wav,tb
tb (406).wav,tb
tb (407).wav,tb
tb (408).wav,tb
tb (409).wav,tb
tb (410).wav,tb
tb (411).wav,tb
tb (412).wav,tb
tb (413).wav,tb
tb (414).wav,tb
tb (415).wav,tb
tb (416).wav,tb
tb (417).wav,tb
tb (418).wav,tb
tb (419).wav,tb
tb (420).wav,tb
tb (421).wav,tb
tb (422).wav,tb
tb (423).wav,tb
tb (424).wav,tb
tb (425).wav,tb
tb (426).wav,tb
tb (427).wav,tb
tb (428).wav,tb
tb (429).wav,tb
tb (430).wav,tb
tb (431).wav,tb
tb (432).wav,tb
tb (433).wav,tb
tb (434).wav,tb
tb (435).wav,tb
tb (436).wav,tb
tb (437).wav,tb
tb (438).wav,tb
tb (439).wav,tb
tb (440).wav,tb
tb (441).wav,tb
tb (442).wav,tb
tb (443).wav,tb
tb (444).wav,tb
tb (445).wav,tb
tb (446).wav,tb
tb (447).wav,tb
tb (448).wav,tb
tb (449).wav,tb
tb (450).wav,tb
tb (451).wav,tb
tb (452).wav,tb
tb (453).wav,tb
tb (454).wav,tb
tb (455).wav,tb
tb (456).wav,tb
tb (457).wav,tb
tb (458).wav,tb
tb (459).wav,tb
tb (460).wav,tb
tb (461).wav,tb
tb (462).wav,tb
tb (463).wav,tb
tb (464).wav,tb
tb (465).wav,tb
tb (466).wav,tb
tb (467).wav,tb
tb (468).wav,tb
tb (469).wav,tb
tb (470).wav,tb
tb (471).wav,tb
tb (472).wav,tb
tb (473).wav,tb
tb (474).wav,tb
tb (475).wav,tb
tb (476).wav,tb
tb (477).wav,tb
tb (478).wav,tb
tb (479).wav,tb
tb (480).wav,tb
tb (481).wav,tb
tb (482).wav,tb
tb (483).wav,tb
tb (484).wav,tb
tb (485).wav,tb
tb (486).wav,tb
tb (487).wav,tb
tb (488).wav,tb
tb (489).wav,tb
tb (490).wav,tb
tb (491).wav,tb
tb (492).wav,tb
tb (493).wav,tb
tb (494).wav,tb
tb (495).wav,tb
tb (496).wav,tb
tb (497).wav,tb
tb (498).wav,tb
tb (499).wav,tb
tb (500).wav,tb
tb (501).wav,tb
tb (502).wav,tb
tb (503).wav,tb
tb (504).wav,tb
tb (505).wav,tb
tb (506).wav,tb
tb (507).wav,tb
tb (508).wav,tb
tb (509).wav,tb
tb (510).wav,tb
tb (511).wav,tb
tb (512).wav,tb
tb (513).wav,tb
tb (514).wav,tb
tb (515).wav,tb
tb (516).wav,tb
tb (517).wav,tb
tb (518).wav,tb
tb (519).wav,tb
tb (520).wav,tb
tb (521).wav,tb
tb (522).wav,tb
tb (523).wav,tb
tb (524).wav,tb
tb (525).wav,tb
tb (526).wav,tb
tb (527).wav,tb
tb (528).wav,tb
tb (529).wav,tb
tb (530).wav,tb
tb (531).wav,tb
tb (532).wav,tb
tb (533).wav,tb
tb (534).wav,tb
tb (535).wav,tb
tb (536).wav,tb
tb (537).wav,tb
tb (538).wav,tb
tb (539).wav,tb
tb (540).wav,tb
tb (541).wav,tb
tb (542).wav,tb
tb (543).wav,tb
tb (544).wav,tb
tb (545).wav,tb
tb (546).wav,tb
tb (547).wav,tb
tb (548).wav,tb
tb (549).wav,tb
tb (550).wav,tb
tb (551).wav,tb
tb (552).wav,tb
tb (553).wav,tb
tb (554).wav,tb
tb (555).wav,tb
tb (556).wav,tb
tb (557).wav,tb
tb (558).wav,tb
tb (559).wav,tb
tb (560).wav,tb
tb (561).wav,tb
tb (562).wav,tb
tb (563).wav,tb
tb (564).wav,tb
tb (565).wav,tb
tb (566).wav,tb
tb (567).wav,tb
tb (568).wav,tb
tb (569).wav,tb
tb (570).wav,tb
tb (571).wav,tb
tb (572).wav,tb
tb (573).wav,tb
tb (574).wav,tb
tb (575).wav,tb
tb (576).wav,tb
tb (577).wav,tb
tb (578).wav,tb
tb (579).wav,tb
tb (580).wav,tb
tb (581).wav,tb
tb (582).wav,tb
tb (583).wav,tb
tb (584).wav,tb
tb (585).wav,tb
tb (586).wav,tb
tb (587).wav,tb
tb (588).wav,tb
tb (589).wav,tb
tb (590).wav,tb
tb (591).wav,tb
tb (592).wav,tb
tb (593).wav,tb
tb (594).wav,tb
tb (595).wav,tb
tb (596).wav,tb
tb (597).wav,tb
tb (598).wav,tb
tb (599).wav,tb
tb (600).wav,tb
tb (601).wav,tb
tb (602).wav,tb
tb (603).wav,tb
tb (604).wav,tb
tb (605).wav,tb
tb (606).wav,tb
tb (607).wav,tb
tb (608).wav,tb
tb (609).wav,tb
tb (610).wav,tb
tb (611).wav,tb
tb (612).wav,tb
tb (613).wav,tb
tb (614).wav,tb
tb (615).wav,tb
tb (616).wav,tb
tb (617).wav,tb
tb (618).wav,tb
tb (619).wav,tb
tb (620).wav,tb
tb (621).wav,tb
tb (622).wav,tb
tb (623).wav,tb
tb (624).wav,tb
tb (625).wav,tb
tb (626).wav,tb
tb (627).wav,tb
tb (628).wav,tb
tb (629).wav,tb
tb (630).wav,tb
tb (631).wav,tb
tb (632).wav,tb
tb (633).wav,tb
tb (634).wav,tb
tb (635).wav,tb
tb (636).wav,tb
tb (637).wav,tb
tb (638).wav,tb
tb (639).wav,tb
tb (640).wav,tb
tb (641).wav,tb
tb (642).wav,tb
tb (643).wav,tb
tb (644).wav,tb
tb (645).wav,tb
tb (646).wav,tb
tb (647).wav,tb
tb (648).wav,tb
tb (649).wav,tb
tb (650).wav,tb
tb (651).wav,tb
tb (652).wav,tb
tb (653).wav,tb
tb (654).wav,tb
tb (655).wav,tb
tb (656).wav,tb
tb (657).wav,tb
tb (658).wav,tb
tb (659).wav,tb
tb (660).wav,tb
tb (661).wav,tb
tb (662).wav,tb
tb (663).wav,tb
tb (664).wav,tb
tb (665).wav,tb
tb (666).wav,tb
tb (667).wav,tb
tb (668).wav,tb
tb (669).wav,tb
tb (670).wav,tb
tb (671).wav,tb
tb (672).wav,tb
tb (673).wav,tb
tb (674).wav,tb
tb (675).wav,tb
tb (676).wav,tb
tb (677).wav,tb
tb (678).wav,tb
tb (679).wav,tb
tb (680).wav,tb
tb (681).wav,tb
tb (682).wav,tb
tb (683).wav,tb
tb (684).wav,tb
tb (685).wav,tb
tb (686).wav,tb
tb (687).wav,tb
tb (688).wav,tb
tb (689).wav,tb
tb (690).wav,tb
tb (691).wav,tb
tb (692).wav,tb
tb (693).wav,tb
tb (694).wav,tb
tb (695).wav,tb
tb (696).wav,tb
tb (697).wav,tb
tb (698).wav,tb
tb (699).wav,tb
tb (700).wav,tb
tb (701).wav,tb
tb (702).wav,tb
tb (703).wav,tb
tb (704).wav,tb
tb (705).wav,tb
tb (706).wav,tb
tb (707).wav,tb
tb (708).wav,tb
tb (709).wav,tb
tb (710).wav,tb
tb (711).wav,tb
tb (712).wav,tb
tb (713).wav,tb
tb (714).wav,tb
tb (715).wav,tb
tb (716).wav,tb
tb (717).wav,tb
tb (718).wav,tb
tb (719).wav,tb
tb (720).wav,tb
tb (721).wav,tb
tb (722).wav,tb
tb (723).wav,tb
tb (724).wav,tb
tb (725).wav,tb
tb (726).wav,tb
tb (727).wav,tb
tb (728).wav,tb
tb (729).wav,tb
tb (730).wav,tb
tb (731).wav,tb
tb (732).wav,tb
tb (733).wav,tb
tb (734).wav,tb
tb (735).wav,tb
tb (736).wav,tb
tb (737).wav,tb
tb (738).wav,tb
tb (739).wav,tb
tb (740).wav,tb
tb (741).wav,tb
tb (742).wav,tb
tb (743).wav,tb
tb (744).wav,tb
tb (745).wav,tb
tb (746).wav,tb
tb (747).wav,tb
tb (748).wav,tb
tb (749).wav,tb
tb (750).wav,tb
tb (751).wav,tb
tb (752).wav,tb
tb (753).wav,tb
tb (754).wav,tb
tb (755).wav,tb
tb (756).wav,tb
tb (757).wav,tb
tb (758).wav,tb
tb (759).wav,tb
tb (760).wav,tb
tb (761).wav,tb
tb (762).wav,tb
tb (763).wav,tb
tb (764).wav,tb
tb (765).wav,tb
tb (766).wav,tb
tb (767).wav,tb
tb (768).wav,tb
tb (769).wav,tb
tb (770).wav,tb
tb (771).wav,tb
tb (772).wav,tb
tb (773).wav,tb
tb (774).wav,tb
tb (775).wav,tb
tb (776).wav,tb
tb (777).wav,tb
tb (778).wav,tb
tb (779).wav,tb
tb (780).wav,tb
tb (781).wav,tb
tb (782).wav,tb
tb (783).wav,tb
tb (784).wav,tb
tb (785).wav,tb
tb (786).wav,tb
tb (787).wav,tb
tb (788).wav,tb
tb (789).wav,tb
tb (790).wav,tb
tb (791).wav,tb
tb (792).wav,tb
tb (793).wav,tb
tb (794).wav,tb
tb (795).wav,tb
tb (796).wav,tb
tb (797).wav,tb
tb (798).wav,tb
tb (799).wav,tb
tb (800).wav,tb
tb (801).wav,tb
tb (802).wav,tb
tb (803).wav,tb
tb (804).wav,tb
tb (805).wav,tb
tb (806).wav,tb
tb (807).wav,tb
tb (808).wav,tb
tb (809).wav,tb
tb (810).wav,tb
tb (811).wav,tb
tb (812).wav,tb
tb (813).wav,tb
tb (814).wav,tb
tb (815).wav,tb
tb (816).wav,tb
tb (817).wav,tb
tb (818).wav,tb
tb (819).wav,tb
tb (820).wav,tb
tb (821).wav,tb
tb (822).wav,tb
tb (823).wav,tb
tb (824).wav,tb
tb (825).wav,tb
tb (826).wav,tb
tb (827).wav,tb
tb (828).wav,tb
tb (829).wav,tb
tb (830).wav,tb
tb (831).wav,tb
tb (832).wav,tb
tb (833).wav,tb
tb (834).wav,tb
tb (835).wav,tb
tb (836).wav,tb
tb (837).wav,tb
tb (838).wav,tb
tb (839).wav,tb
tb (840).wav,tb
tb (841).wav,tb
tb (842).wav,tb
tb (843).wav,tb
tb (844).wav,tb
tb (845).wav,tb
tb (846).wav,tb
tb (847).wav,tb
tb (848).wav,tb
tb (849).wav,tb
tb (850).wav,tb
tb (851).wav,tb
tb (852).wav,tb
tb (853).wav,tb
tb (854).wav,tb
tb (855).wav,tb
tb (856).wav,tb
tb (857).wav,tb
tb (858).wav,tb
tb (859).wav,tb
tb (860).wav,tb
tb (861).wav,tb
tb (862).wav,tb
tb (863).wav,tb
tb (864).wav,tb
tb (865).wav,tb
tb (866).wav,tb
tb (867).wav,tb
tb (868).wav,tb
tb (869).wav,tb
tb (870).wav,tb
tb (871).wav,tb
tb (872).wav,tb
tb (873).wav,tb
tb (874).wav,tb
tb (875).wav,tb
tb (876).wav,tb
tb (877).wav,tb
tb (878).wav,tb
tb (879).wav,tb
tb (880).wav,tb
tb (881).wav,tb
tb (882).wav,tb
tb (883).wav,tb
tb (884).wav,tb
tb (885).wav,tb
tb (886).wav,tb
tb (887).wav,tb
tb (888).wav,tb
tb (889).wav,tb
tb (890).wav,tb
tb (891).wav,tb
tb (892).wav,tb
tb (893).wav,tb
tb (894).wav,tb
tb (895).wav,tb
tb (896).wav,tb
tb (897).wav,tb
tb (898).wav,tb
tb (899).wav,tb
tb (900).wav,tb
tb (901).wav,tb
tb (902).wav,tb
tb (903).wav,tb
tb (904).wav,tb
tb (905).wav,tb
tb (906).wav,tb
tb (907).wav,tb
tb (908).wav,tb
tb (909).wav,tb
tb (910).wav,tb
tb (911).wav,tb
tb (912).wav,tb
tb (913).wav,tb
tb (914).wav,tb
tb (915).wav,tb
tb (916).wav,tb
tb (917).wav,tb
tb (918).wav,tb
tb (919).wav,tb
tb (920).wav,tb
tb (921).wav,tb
tb (922).wav,tb
tb (923).wav,tb
tb (924).wav,tb
tb (925).wav,tb
tb (926).wav,tb
tb (927).wav,tb
tb (928).wav,tb
tb (929).wav,tb
tb (930).wav,tb
tb (931).wav,tb
tb (932).wav,tb
tb (933).wav,tb
tb (934).wav,tb
tb (935).wav,tb
tb (936).wav,tb
tb (937).wav,tb
tb (938).wav,tb
tb (939).wav,tb
tb (940).wav,tb
tb (941).wav,tb
tb (942).wav,tb
tb (943).wav,tb
tb (944).wav,tb
tb (945).wav,tb
tb (946).wav,tb
tb (947).wav,tb
tb (948).wav,tb
tb (949).wav,tb
tb (950).wav,tb
tb (951).wav,tb
tb (952).wav,tb
tb (953).wav,tb
tb (954).wav,tb
tb (955).wav,tb
tb (956).wav,tb
tb (957).wav,tb
tb (958).wav,tb
tb (959).wav,tb
tb (960).wav,tb
tb (961).wav,tb
tb (962).wav,tb
tb (963).wav,tb
tb (964).wav,tb
tb (965).wav,tb
tb (966).wav,tb
tb (967).wav,tb
tb (968).wav,tb
tb (969).wav,tb
tb (970).wav,tb
tb (971).wav,tb
tb (972).wav,tb
tb (973).wav,tb
tb (974).wav,tb
tb (975).wav,tb
tb (976).wav,tb
tb (977).wav,tb
tb (978).wav,tb
tb (979).wav,tb
tb (980).wav,tb
tb (981).wav,tb
tb (982).wav,tb
tb (983).wav,tb
tb (984).wav,tb
tb (985).wav,tb
tb (986).wav,tb
tb (987).wav,tb
tb (988).wav,tb
tb (989).wav,tb
tb (990).wav,tb
tb (991).wav,tb
tb (992).wav,tb
tb (993).wav,tb
tb (994).wav,tb
tb (995).wav,tb
tb (996).wav,tb
tb (997).wav,tb
tb (998).wav,tb
tb (999).wav,tb
tb (1000).wav,tb
tb (1001).wav,tb
tb (1002).wav,tb
tb (1003).wav,tb
tb (1004).wav,tb
tb (1005).wav,tb
tb (1006).wav,tb
tb (1007).wav,tb
tb (1008).wav,tb
tb (1009).wav,tb
tb (1010).wav,tb
tb (1011).wav,tb
tb (1012).wav,tb
tb (1013).wav,tb
tb (1014).wav,tb
tb (1015).wav,tb
tb (1016).wav,tb
tb (1017).wav,tb
tb (1018).wav,tb
tb (1019).wav,tb
tb (1020).wav,tb
tb (1021).wav,tb
tb (1022).wav,tb
tb (1023).wav,tb
tb (1024).wav,tb
tb (1025).wav,tb
tb (1026).wav,tb
tb (1027).wav,tb
tb (1028).wav,tb
tb (1029).wav,tb
tb (1030).wav,tb
tb (1031).wav,tb
tb (1032).wav,tb
tb (1033).wav,tb
tb (1034).wav,tb
tb (1035).wav,tb
tb (1036).wav,tb
tb (1037).wav,tb
tb (1038).wav,tb
tb (1039).wav,tb
tb (1040).wav,tb
tb (1041).wav,tb
tb (1042).wav,tb
tb (1043).wav,tb
tb (1044).wav,tb
tb (1045).wav,tb
tb (1046).wav,tb
tb (1047).wav,tb
tb (1048).wav,tb
tb (1049).wav,tb
tb (1050).wav,tb
tb (1051).wav,tb
tb (1052).wav,tb
tb (1053).wav,tb
tb (1054).wav,tb
tb (1055).wav,tb
tb (1056).wav,tb
tb (1057).wav,tb
tb (1058).wav,tb
tb (1059).wav,tb
tb (1060).wav,tb
tb (1061).wav,tb
tb (1062).wav,tb
tb (1063).wav,tb
tb (1064).wav,tb
tb (1065).wav,tb
tb (1066).wav,tb
tb (1067).wav,tb
tb (1068).wav,tb
tb (1069).wav,tb
tb (1070).wav,tb
tb (1071).wav,tb
tb (1072).wav,tb
tb (1073).wav,tb
tb (1074).wav,tb
tb (1075).wav,tb
tb (1076).wav,tb
tb (1077).wav,tb
tb (1078).wav,tb
tb (1079).wav,tb
tb (1080).wav,tb
tb (1081).wav,tb
tb (1082).wav,tb
tb (1083).wav,tb
tb (1084).wav,tb
tb (1085).wav,tb
tb (1086).wav,tb
tb (1087).wav,tb
tb (1088).wav,tb
tb (1089).wav,tb
tb (1090).wav,tb
tb (1091).wav,tb
tb (1092).wav,tb
tb (1093).wav,tb
tb (1094).wav,tb
tb (1095).wav,tb
tb (1096).wav,tb
tb (1097).wav,tb
tb (1098).wav,tb
tb (1099).wav,tb
tb (1100).wav,tb
tb (1101).wav,tb
tb (1102).wav,tb
tb (1103).wav,tb
tb (1104).wav,tb
tb (1105).wav,tb
tb (1106).wav,tb
tb (1107).wav,tb
tb (1108).wav,tb
tb (1109).wav,tb
tb (1110).wav,tb
tb (1111).wav,tb
tb (1112).wav,tb
tb (1113).wav,tb
tb (1114).wav,tb
tb (1115).wav,tb
tb (1116).wav,tb
tb (1117).wav,tb
tb (1118).wav,tb
tb (1119).wav,tb
tb (1120).wav,tb
tb (1121).wav,tb
tb (1122).wav,tb
tb (1123).wav,tb
tb (1124).wav,tb
tb (1125).wav,tb
tb (1126).wav,tb
tb (1127).wav,tb
tb (1128).wav,tb
tb (1129).wav,tb
tb (1130).wav,tb
tb (1131).wav,tb
tb (1132).wav,tb
tb (1133).wav,tb
tb (1134).wav,tb
tb (1135).wav,tb
tb (1136).wav,tb
tb (1137).wav,tb
tb (1138).wav,tb
tb (1139).wav,tb
tb (1140).wav,tb
tb (1141).wav,tb
tb (1142).wav,tb
tb (1143).wav,tb
tb (1144).wav,tb
tb (1145).wav,tb
tb (1146).wav,tb
tb (1147).wav,tb
tb (1148).wav,tb
tb (1149).wav,tb
tb (1150).wav,tb
tb (1151).wav,tb
tb (1152).wav,tb
tb (1153).wav,tb
tb (1154).wav,tb
tb (1155).wav,tb
tb (1156).wav,tb
tb (1157).wav,tb
tb (1158).wav,tb
tb (1159).wav,tb
tb (1160).wav,tb
tb (1161).wav,tb
tb (1162).wav,tb
tb (1163).wav,tb
tb (1164).wav,tb
tb (1165).wav,tb
tb (1166).wav,tb
tb (1167).wav,tb
tb (1168).wav,tb
tb (1169).wav,tb
tb (1170).wav,tb
tb (1171).wav,tb
tb (1172).wav,tb
tb (1173).wav,tb
tb (1174).wav,tb
tb (1175).wav,tb
tb (1176).wav,tb
tb (1177).wav,tb
tb (1178).wav,tb
tb (1179).wav,tb
tb (1180).wav,tb
tb (1181).wav,tb
tb (1182).wav,tb
tb (1183).wav,tb
tb (1184).wav,tb
tb (1185).wav,tb
tb (1186).wav,tb
tb (1187).wav,tb
tb (1188).wav,tb
tb (1189).wav,tb
tb (1190).wav,tb
tb (1191).wav,tb
tb (1192).wav,tb
tb (1193).wav,tb
tb (1194).wav,tb
tb (1195).wav,tb
tb (1196).wav,tb
tb (1197).wav,tb
tb (1198).wav,tb
tb (1199).wav,tb
tb (1200).wav,tb
tb (1201).wav,tb
tb (1202).wav,tb
tb (1203).wav,tb
tb (1204).wav,tb
tb (1205).wav,tb
tb (1206).wav,tb
tb (1207).wav,tb
tb (1208).wav,tb
tb (1209).wav,tb
tb (1210).wav,tb
tb (1211).wav,tb
tb (1212).wav,tb
tb (1213).wav,tb
tb (1214).wav,tb
tb (1215).wav,tb
tb (1216).wav,tb
tb (1217).wav,tb
tb (1218).wav,tb
tb (1219).wav,tb
tb (1220).wav,tb
tb (1221).wav,tb
tb (1222).wav,tb
tb (1223).wav,tb
tb (1224).wav,tb
tb (1225).wav,tb
tb (1226).wav,tb
tb (1227).wav,tb
tb (1228).wav,tb
tb (1229).wav,tb
tb (1230).wav,tb
tb (1231).wav,tb
tb (1232).wav,tb
tb (1233).wav,tb
tb (1234).wav,tb
tb (1235).wav,tb
tb (1236).wav,tb
tb (1237).wav,tb
tb (1238).wav,tb
tb (1239).wav,tb
tb (1240).wav,tb
tb (1241).wav,tb
tb (1242).wav,tb
tb (1243).wav,tb
tb (1244).wav,tb
tb (1245).wav,tb
tb (1246).wav,tb
tb (1247).wav,tb
tb (1248).wav,tb
tb (1249).wav,tb
tb (1250).wav,tb
tb (1251).wav,tb
tb (1252).wav,tb
tb (1253).wav,tb
tb (1254).wav,tb
tb (1255).wav,tb
tb (1256).wav,tb
tb (1257).wav,tb
tb (1258).wav,tb
tb (1259).wav,tb
tb (1260).wav,tb
tb (1261).wav,tb
tb (1262).wav,tb
tb (1263).wav,tb
tb (1264).wav,tb
tb (1265).wav,tb
tb (1266).wav,tb
tb (1267).wav,tb
tb (1268).wav,tb
tb (1269).wav,tb
tb (1270).wav,tb
tb (1271).wav,tb
tb (1272).wav,tb
tb (1273).wav,tb
tb (1274).wav,tb
tb (1275).wav,tb
tb (1276).wav,tb
tb (1277).wav,tb
tb (1278).wav,tb
tb (1279).wav,tb
tb (1280).wav,tb
tb (1281).wav,tb
tb (1282).wav,tb
tb (1283).wav,tb
tb (1284).wav,tb
tb (1285).wav,tb
tb (1286).wav,tb
tb (1287).wav,tb
tb (1288).wav,tb
tb (1289).wav,tb
tb (1290).wav,tb
tb (1291).wav,tb
tb (1292).wav,tb
tb (1293).wav,tb
tb (1294).wav,tb
tb (1295).wav,tb
tb (1296).wav,tb
tb (1297).wav,tb
tb (1298).wav,tb
tb (1299).wav,tb
tb (1300).wav,tb
tb (1301).wav,tb
tb (1302).wav,tb
tb (1303).wav,tb
tb (1304).wav,tb
tb (1305).wav,tb
tb (1306).wav,tb
tb (1307).wav,tb
tb (1308).wav,tb
tb (1309).wav,tb
tb (1310).wav,tb
tb (1311).wav,tb
tb (1312).wav,tb
tb (1313).wav,tb
tb (1314).wav,tb
tb (1315).wav,tb
tb (1316).wav,tb
tb (1317).wav,tb
tb (1318).wav,tb
tb (1319).wav,tb
tb (1320).wav,tb
tb (1321).wav,tb
tb (1322).wav,tb
tb (1323).wav,tb
tb (1324).wav,tb
tb (1325).wav,tb
tb (1326).wav,tb
tb (1327).wav,tb
tb (1328).wav,tb
tb (1329).wav,tb
tb (1330).wav,tb
tb (1331).wav,tb
tb (1332).wav,tb
tb (1333).wav,tb
tb (1334).wav,tb
tb (1335).wav,tb
tb (1336).wav,tb
tb (1337).wav,tb
tb (1338).wav,tb
tb (1339).wav,tb
tb (1340).wav,tb
tb (1341).wav,tb
tb (1342).wav,tb
tb (1343).wav,tb
tb (1344).wav,tb
tb (1345).wav,tb
tb (1346).wav,tb
tb (1347).wav,tb
tb (1348).wav,tb
tb (1349).wav,tb
tb (1350).wav,tb
tb (1351).wav,tb
tb (1352).wav,tb
tb (1353).wav,tb
tb (1354).wav,tb
tb (1355).wav,tb
tb (1356).wav,tb
tb (1357).wav,tb
tb (1358).wav,tb
tb (1359).wav,tb
tb (1360).wav,tb
tb (1361).wav,tb
tb (1362).wav,tb
tb (1363).wav,tb
tb (1364).wav,tb
tb (1365).wav,tb
tb (1366).wav,tb
tb (1367).wav,tb
tb (1368).wav,tb
tb (1369).wav,tb
tb (1370).wav,tb
tb (1371).wav,tb
tb (1372).wav,tb
tb (1373).wav,tb
tb (1374).wav,tb
tb (1375).wav,tb
tb (1376).wav,tb
tb (1377).wav,tb
tb (1378).wav,tb
tb (1379).wav,tb
tb (1380).wav,tb
tb (1381).wav,tb
tb (1382).wav,tb
tb (1383).wav,tb
tb (1384).wav,tb
tb (1385).wav,tb
tb (1386).wav,tb
tb (1387).wav,tb
tb (1388).wav,tb
tb (1389).wav,tb
tb (1390).wav,tb
tb (1391).wav,tb
tb (1392).wav,tb
tb (1393).wav,tb
tb (1394).wav,tb
tb (1395).wav,tb
tb (1396).wav,tb
tb (1397).wav,tb
tb (1398).wav,tb
tb (1399).wav,tb
tb (1400).wav,tb
tb (1401).wav,tb
tb (1402).wav,tb
tb (1403).wav,tb
tb (1404).wav,tb
tb (1405).wav,tb
tb (1406).wav,tb
tb (1407).wav,tb
tb (1408).wav,tb
tb (1409).wav,tb
tb (1410).wav,tb
tb (1411).wav,tb
tb (1412).wav,tb
tb (1413).wav,tb
tb (1414).wav,tb
tb (1415).wav,tb
tb (1416).wav,tb
tb (1417).wav,tb
tb (1418).wav,tb
tb (1419).wav,tb
tb (1420).wav,tb
tb (1421).wav,tb
tb (1422).wav,tb
tb (1423).wav,tb
tb (1424).wav,tb
tb (1425).wav,tb
tb (1426).wav,tb
tb (1427).wav,tb
tb (1428).wav,tb
tb (1429).wav,tb
tb (1430).wav,tb
tb (1431).wav,tb
tb (1432).wav,tb
tb (1433).wav,tb
tb (1434).wav,tb
tb (1435).wav,tb
tb (1436).wav,tb
tb (1437).wav,tb
tb (1438).wav,tb
tb (1439).wav,tb
tb (1440).wav,tb
tb (1441).wav,tb
tb (1442).wav,tb
tb (1443).wav,tb
tb (1444).wav,tb
tb (1445).wav,tb
tb (1446).wav,tb
tb (1447).wav,tb
tb (1448).wav,tb
tb (1449).wav,tb
tb (1450).wav,tb
tb (1451).wav,tb
tb (1452).wav,tb
tb (1453).wav,tb
tb (1454).wav,tb
tb (1455).wav,tb
tb (1456).wav,tb
tb (1457).wav,tb
tb (1458).wav,tb
tb (1459).wav,tb
tb (1460).wav,tb
tb (1461).wav,tb
tb (1462).wav,tb
tb (1463).wav,tb
tb (1464).wav,tb
tb (1465).wav,tb
tb (1466).wav,tb
tb (1467).wav,tb
tb (1468).wav,tb
tb (1469).wav,tb
tb (1470).wav,tb
tb (1471).wav,tb
tb (1472).wav,tb
tb (1473).wav,tb
tb (1474).wav,tb
tb (1475).wav,tb
tb (1476).wav,tb
tb (1477).wav,tb
tb (1478).wav,tb
tb (1479).wav,tb
tb (1480).wav,tb
tb (1481).wav,tb
tb (1482).wav,tb
tb (1483).wav,tb
tb (1484).wav,tb
tb (1485).wav,tb
tb (1486).wav,tb
tb (1487).wav,tb
tb (1488).wav,tb
tb (1489).wav,tb
tb (1490).wav,tb
tb (1491).wav,tb
tb (1492).wav,tb
tb (1493).wav,tb
tb (1494).wav,tb
tb (1495).wav,tb
tb (1496).wav,tb
tb (1497).wav,tb
tb (1498).wav,tb
tb (1499).wav,tb
tb (1500).wav,tb
tb (1501).wav,tb
tb (1502).wav,tb
tb (1503).wav,tb
tb (1504).wav,tb
tb (1505).wav,tb
tb (1506).wav,tb
tb (1507).wav,tb
tb (1508).wav,tb
tb (1509).wav,tb
tb (1510).wav,tb
tb (1511).wav,tb
tb (1512).wav,tb
tb (1513).wav,tb
tb (1514).wav,tb
tb (1515).wav,tb
tb (1516).wav,tb
tb (1517).wav,tb
tb (1518).wav,tb
tb (1519).wav,tb
tb (1520).wav,tb
tb (1521).wav,tb
tb (1522).wav,tb
tb (1523).wav,tb
tb (1524).wav,tb
tb (1525).wav,tb
tb (1526).wav,tb
tb (1527).wav,tb
tb (1528).wav,tb
tb (1529).wav,tb
tb (1530).wav,tb
tb (1531).wav,tb
tb (1532).wav,tb
tb (1533).wav,tb
tb (1534).wav,tb
tb (1535).wav,tb
tb (1536).wav,tb
tb (1537).wav,tb
tb (1538).wav,tb
tb (1539).wav,tb
tb (1540).wav,tb
tb (1541).wav,tb
tb (1542).wav,tb
tb (1543).wav,tb
tb (1544).wav,tb
tb (1545).wav,tb
tb (1546).wav,tb
tb (1547).wav,tb
tb (1548).wav,tb
tb (1549).wav,tb
tb (1550).wav,tb
tb (1551).wav,tb
tb (1552).wav,tb
tb (1553).wav,tb
tb (1554).wav,tb
tb (1555).wav,tb
tb (1556).wav,tb
tb (1557).wav,tb
tb (1558).wav,tb
tb (1559).wav,tb
tb (1560).wav,tb
tb (1561).wav,tb
tb (1562).wav,tb
tb (1563).wav,tb
tb (1564).wav,tb
tb (1565).wav,tb
tb (1566).wav,tb
tb (1567).wav,tb
tb (1568).wav,tb
tb (1569).wav,tb
tb (1570).wav,tb
tb (1571).wav,tb
tb (1572).wav,tb
tb (1573).wav,tb
tb (1574).wav,tb
tb (1575).wav,tb
tb (1576).wav,tb
tb (1577).wav,tb
tb (1578).wav,tb
tb (1579).wav,tb
tb (1580).wav,tb
tb (1581).wav,tb
tb (1582).wav,tb
tb (1583).wav,tb
tb (1584).wav,tb
tb (1585).wav,tb
tb (1586).wav,tb
tb (1587).wav,tb
tb (1588).wav,tb
tb (1589).wav,tb
tb (1590).wav,tb
tb (1591).wav,tb
tb (1592).wav,tb
tb (1593).wav,tb
tb (1594).wav,tb
tb (1595).wav,tb
tb (1596).wav,tb
tb (1597).wav,tb
tb (1598).wav,tb
tb (1599).wav,tb
tb (1600).wav,tb
tb (1601).wav,tb
tb (1602).wav,tb
tb (1603).wav,tb
tb (1604).wav,tb
tb (1605).wav,tb
tb (1606).wav,tb
tb (1607).wav,tb
tb (1608).wav,tb
tb (1609).wav,tb
tb (1610).wav,tb
tb (1611).wav,tb
tb (1612).wav,tb
tb (1613).wav,tb
tb (1614).wav,tb
tb (1615).wav,tb
tb (1616).wav,tb
tb (1617).wav,tb
tb (1618).wav,tb
tb (1619).wav,tb
tb (1620).wav,tb
tb (1621).wav,tb
tb (1622).wav,tb
tb (1623).wav,tb
tb (1624).wav,tb
tb (1625).wav,tb
tb (1626).wav,tb
tb (1627).wav,tb
tb (1628).wav,tb
tb (1629).wav,tb
tb (1630).wav,tb
tb (1631).wav,tb
tb (1632).wav,tb
tb (1633).wav,tb
tb (1634).wav,tb
tb (1635).wav,tb
tb (1636).wav,tb
tb (1637).wav,tb
tb (1638).wav,tb
tb (1639).wav,tb
tb (1640).wav,tb
tb (1641).wav,tb
tb (1642).wav,tb
tb (1643).wav,tb
tb (1644).wav,tb
tb (1645).wav,tb
tb (1646).wav,tb
tb (1647).wav,tb
tb (1648).wav,tb
tb (1649).wav,tb
tb (1650).wav,tb
tb (1651).wav,tb
tb (1652).wav,tb
tb (1653).wav,tb
tb (1654).wav,tb
tb (1655).wav,tb
tb (1656).wav,tb
tb (1657).wav,tb
tb (1658).wav,tb
tb (1659).wav,tb
tb (1660).wav,tb
tb (1661).wav,tb
tb (1662).wav,tb
tb (1663).wav,tb
tb (1664).wav,tb
tb (1665).wav,tb
tb (1666).wav,tb
tb (1667).wav,tb
tb (1668).wav,tb
tb (1669).wav,tb
tb (1670).wav,tb
tb (1671).wav,tb
tb (1672).wav,tb
tb (1673).wav,tb
tb (1674).wav,tb
tb (1675).wav,tb
tb (1676).wav,tb
tb (1677).wav,tb
tb (1678).wav,tb
tb (1679).wav,tb
tb (1680).wav,tb
tb (1681).wav,tb
tb (1682).wav,tb
tb (1683).wav,tb
tb (1684).wav,tb
tb (1685).wav,tb
tb (1686).wav,tb
tb (1687).wav,tb
tb (1688).wav,tb
tb (1689).wav,tb
tb (1690).wav,tb
tb (1691).wav,tb
tb (1692).wav,tb
tb (1693).wav,tb
tb (1694).wav,tb
tb (1695).wav,tb
tb (1696).wav,tb
tb (1697).wav,tb
tb (1698).wav,tb
tb (1699).wav,tb
tb (1700).wav,tb
tb (1701).wav,tb
tb (1702).wav,tb
tb (1703).wav,tb
tb (1704).wav,tb
tb (1705).wav,tb
tb (1706).wav,tb
tb (1707).wav,tb
tb (1708).wav,tb
tb (1709).wav,tb
tb (1710).wav,tb
tb (1711).wav,tb
tb (1712).wav,tb
tb (1713).wav,tb
tb (1714).wav,tb
tb (1715).wav,tb
tb (1716).wav,tb
tb (1717).wav,tb
tb (1718).wav,tb
tb (1719).wav,tb
tb (1720).wav,tb
tb (1721).wav,tb
tb (1722).wav,tb
tb (1723).wav,tb
tb (1724).wav,tb
tb (1725).wav,tb
tb (1726).wav,tb
tb (1727).wav,tb
tb (1728).wav,tb
tb (1729).wav,tb
tb (1730).wav,tb
tb (1731).wav,tb
tb (1732).wav,tb
tb (1733).wav,tb
tb (1734).wav,tb
tb (1735).wav,tb
tb (1736).wav,tb
tb (1737).wav,tb
tb (1738).wav,tb
tb (1739).wav,tb
tb (1740).wav,tb
tb (1741).wav,tb
tb (1742).wav,tb
tb (1743).wav,tb
tb (1744).wav,tb
tb (1745).wav,tb
tb (1746).wav,tb
tb (1747).wav,tb
tb (1748).wav,tb
tb (1749).wav,tb
tb (1750).wav,tb
tb (1751).wav,tb
tb (1752).wav,tb
tb (1753).wav,tb
tb (1754).wav,tb
tb (1755).wav,tb
tb (1756).wav,tb
tb (1757).wav,tb
tb (1758).wav,tb
tb (1759).wav,tb
tb (1760).wav,tb
tb (1761).wav,tb
tb (1762).wav,tb
tb (1763).wav,tb
tb (1764).wav,tb
tb (1765).wav,tb
tb (1766).wav,tb
tb (1767).wav,tb
tb (1768).wav,tb
tb (1769).wav,tb
tb (1770).wav,tb
tb (1771).wav,tb
tb (1772).wav,tb
tb (1773).wav,tb
tb (1774).wav,tb
tb (1775).wav,tb
tb (1776).wav,tb
tb (1777).wav,tb
tb (1778).wav,tb
tb (1779).wav,tb
tb (1780).wav,tb
tb (1781).wav,tb
tb (1782).wav,tb
tb (1783).wav,tb
tb (1784).wav,tb
tb (1785).wav,tb
tb (1786).wav,tb
tb (1787).wav,tb
tb (1788).wav,tb
tb (1789).wav,tb
tb (1790).wav,tb
tb (1791).wav,tb
tb (1792).wav,tb
tb (1793).wav,tb
tb (1794).wav,tb
tb (1795).wav,tb
tb (1796).wav,tb
tb (1797).wav,tb
tb (1798).wav,tb
tb (1799).wav,tb
tb (1800).wav,tb
tb (1801).wav,tb
tb (1802).wav,tb
tb (1803).wav,tb
tb (1804).wav,tb
tb (1805).wav,tb
tb (1806).wav,tb
tb (1807).wav,tb
tb (1808).wav,tb
tb (1809).wav,tb
tb (1810).wav,tb
tb (1811).wav,tb
tb (1812).wav,tb
tb (1813).wav,tb
tb (1814).wav,tb
tb (1815).wav,tb
tb (1816).wav,tb
tb (1817).wav,tb
tb (1818).wav,tb
tb (1819).wav,tb
tb (1820).wav,tb
tb (1821).wav,tb
tb (1822).wav,tb
tb (1823).wav,tb
tb (1824).wav,tb
tb (1825).wav,tb
tb (1826).wav,tb
tb (1827).wav,tb
tb (1828).wav,tb
tb (1829).wav,tb
tb (1830).wav,tb
tb (1831).wav,tb
tb (1832).wav,tb
tb (1833).wav,tb
tb (1834).wav,tb
tb (1835).wav,tb
tb (1836).wav,tb
tb (1837).wav,tb
tb (1838).wav,tb
tb (1839).wav,tb
tb (1840).wav,tb
tb (1841).wav,tb
tb (1842).wav,tb
tb (1843).wav,tb
tb (1844).wav,tb
tb (1845).wav,tb
tb (1846).wav,tb
tb (1847).wav,tb
tb (1848).wav,tb
tb (1849).wav,tb
tb (1850).wav,tb
tb (1851).wav,tb
tb (1852).wav,tb
tb (1853).wav,tb
tb (1854).wav,tb
tb (1855).wav,tb
tb (1856).wav,tb
tb (1857).wav,tb
tb (1858).wav,tb
tb (1859).wav,tb
tb (1860).wav,tb
tb (1861).wav,tb
tb (1862).wav,tb
tb (1863).wav,tb
tb (1864).wav,tb
tb (1865).wav,tb
tb (1866).wav,tb
tb (1867).wav,tb
tb (1868).wav,tb
tb (1869).wav,tb
tb (1870).wav,tb
tb (1871).wav,tb
tb (1872).wav,tb
tb (1873).wav,tb
tb (1874).wav,tb
tb (1875).wav,tb
tb (1876).wav,tb
tb (1877).wav,tb
tb (1878).wav,tb
tb (1879).wav,tb
tb (1880).wav,tb
tb (1881).wav,tb
tb (1882).wav,tb
tb (1883).wav,tb
tb (1884).wav,tb
tb (1885).wav,tb
tb (1886).wav,tb
tb (1887).wav,tb
tb (1888).wav,tb
tb (1889).wav,tb
tb (1890).wav,tb
tb (1891).wav,tb
tb (1892).wav,tb
tb (1893).wav,tb
tb (1894).wav,tb
tb (1895).wav,tb
tb (1896).wav,tb
tb (1897).wav,tb
tb (1898).wav,tb
tb (1899).wav,tb
tb (1900).wav,tb
tb (1901).wav,tb
tb (1902).wav,tb
tb (1903).wav,tb
tb (1904).wav,tb
tb (1905).wav,tb
tb (1906).wav,tb
tb (1907).wav,tb
tb (1908).wav,tb
tb (1909).wav,tb
tb (1910).wav,tb
tb (1911).wav,tb
tb (1912).wav,tb
tb (1913).wav,tb
tb (1914).wav,tb
tb (1915).wav,tb
tb (1916).wav,tb
tb (1917).wav,tb
tb (1918).wav,tb
tb (1919).wav,tb
tb (1920).wav,tb
tb (1921).wav,tb
tb (1922).wav,tb
tb (1923).wav,tb
tb (1924).wav,tb
tb (1925).wav,tb
tb (1926).wav,tb
tb (1927).wav,tb
tb (1928).wav,tb
tb (1929).wav,tb
tb (1930).wav,tb
tb (1931).wav,tb
tb (1932).wav,tb
tb (1933).wav,tb
tb (1934).wav,tb
tb (1935).wav,tb
tb (1936).wav,tb
tb (1937).wav,tb
tb (1938).wav,tb
tb (1939).wav,tb
tb (1940).wav,tb
tb (1941).wav,tb
tb (1942).wav,tb
tb (1943).wav,tb
tb (1944).wav,tb
tb (1945).wav,tb
tb (1946).wav,tb
tb (1947).wav,tb
tb (1948).wav,tb
tb (1949).wav,tb
tb (1950).wav,tb
tb (1951).wav,tb
tb (1952).wav,tb
tb (1953).wav,tb
tb (1954).wav,tb
tb (1955).wav,tb
tb (1956).wav,tb
tb (1957).wav,tb
tb (1958).wav,tb
tb (1959).wav,tb
tb (1960).wav,tb
tb (1961).wav,tb
tb (1962).wav,tb
tb (1963).wav,tb
tb (1964).wav,tb
tb (1965).wav,tb
tb (1966).wav,tb
tb (1967).wav,tb
tb (1968).wav,tb
tb (1969).wav,tb
tb (1970).wav,tb
tb (1971).wav,tb
tb (1972).wav,tb
tb (1973).wav,tb
tb (1974).wav,tb
tb (1975).wav,tb
tb (1976).wav,tb
tb (1977).wav,tb
tb (1978).wav,tb
tb (1979).wav,tb
tb (1980).wav,tb
tb (1981).wav,tb
tb (1982).wav,tb
tb (1983).wav,tb
tb (1984).wav,tb
tb (1985).wav,tb
tb (1986).wav,tb
tb (1987).wav,tb
tb (1988).wav,tb
tb (1989).wav,tb
tb (1990).wav,tb
tb (1991).wav,tb
tb (1992).wav,tb
tb (1993).wav,tb
tb (1994).wav,tb
tb (1995).wav,tb
tb (1996).wav,tb
tb (1997).wav,tb
tb (1998).wav,tb
tb (1999).wav,tb
tb (2000).wav,tb
tb (2001).wav,tb
tb (2002).wav,tb
tb (2003).wav,tb
tb (2004).wav,tb
tb (2005).wav,tb
tb (2006).wav,tb
tb (2007).wav,tb
tb (2008).wav,tb
tb (2009).wav,tb
tb (2010).wav,tb
tb (2011).wav,tb
tb (2012).wav,tb
tb (2013).wav,tb
tb (2014).wav,tb
tb (2015).wav,tb
tb (2016).wav,tb
tb (2017).wav,tb
tb (2018).wav,tb
tb (2019).wav,tb
tb (2020).wav,tb
tb (2021).wav,tb
tb (2022).wav,tb
tb (2023).wav,tb
tb (2024).wav,tb
tb (2025).wav,tb
tb (2026).wav,tb
tb (2027).wav,tb
tb (2028).wav,tb
tb (2029).wav,tb
tb (2030).wav,tb
tb (2031).wav,tb
tb (2032).wav,tb
tb (2033).wav,tb
tb (2034).wav,tb
tb (2035).wav,tb
tb (2036).wav,tb
tb (2037).wav,tb
tb (2038).wav,tb
tb (2039).wav,tb
tb (2040).wav,tb
tb (2041).wav,tb
tb (2042).wav,tb
tb (2043).wav,tb
tb (2044).wav,tb
tb (2045).wav,tb
tb (2046).wav,tb
tb (2047).wav,tb
tb (2048).wav,tb
tb (2049).wav,tb
tb (2050).wav,tb
tb (2051).wav,tb
tb (2052).wav,tb
tb (2053).wav,tb
tb (2054).wav,tb
tb (2055).wav,tb
tb (2056).wav,tb
tb (2057).wav,tb
tb (2058).wav,tb
tb (2059).wav,tb
tb (2060).wav,tb
tb (2061).wav,tb
tb (2062).wav,tb
tb (2063).wav,tb
tb (2064).wav,tb
tb (2065).wav,tb
tb (2066).wav,tb
tb (2067).wav,tb
tb (2068).wav,tb
tb (2069).wav,tb
tb (2070).wav,tb
tb (2071).wav,tb
tb (2072).wav,tb
tb (2073).wav,tb
tb (2074).wav,tb
tb (2075).wav,tb
tb (2076).wav,tb
tb (2077).wav,tb
tb (2078).wav,tb
tb (2079).wav,tb
tb (2080).wav,tb
tb (2081).wav,tb
tb (2082).wav,tb
tb (2083).wav,tb
tb (2084).wav,tb
tb (2085).wav,tb
tb (2086).wav,tb
tb (2087).wav,tb
tb (2088).wav,tb
tb (2089).wav,tb
tb (2090).wav,tb
tb (2091).wav,tb
tb (2092).wav,tb
tb (2093).wav,tb
tb (2094).wav,tb
tb (2095).wav,tb
tb (2096).wav,tb
tb (2097).wav,tb
tb (2098).wav,tb
tb (2099).wav,tb
tb (2100).wav,tb
tb (2101).wav,tb
tb (2102).wav,tb
tb (2103).wav,tb
tb (2104).wav,tb
tb (2105).wav,tb
tb (2106).wav,tb
tb (2107).wav,tb
tb (2108).wav,tb
tb (2109).wav,tb
tb (2110).wav,tb
tb (2111).wav,tb
tb (2112).wav,tb
tb (2113).wav,tb
tb (2114).wav,tb
tb (2115).wav,tb
tb (2116).wav,tb
tb (2117).wav,tb
tb (2118).wav,tb
tb (2119).wav,tb
tb (2120).wav,tb
tb (2121).wav,tb
tb (2122).wav,tb
tb (2123).wav,tb
tb (2124).wav,tb
tb (2125).wav,tb
tb (2126).wav,tb
tb (2127).wav,tb
tb (2128).wav,tb
tb (2129).wav,tb
tb (2130).wav,tb
tb (2131).wav,tb
tb (2132).wav,tb
tb (2133).wav,tb
tb (2134).wav,tb
tb (2135).wav,tb
tb (2136).wav,tb
tb (2137).wav,tb
tb (2138).wav,tb
tb (2139).wav,tb
tb (2140).wav,tb
tb (2141).wav,tb
tb (2142).wav,tb
tb (2143).wav,tb
tb (2144).wav,tb
tb (2145).wav,tb
tb (2146).wav,tb
tb (2147).wav,tb
tb (2148).wav,tb
tb (2149).wav,tb
tb (2150).wav,tb
tb (2151).wav,tb
tb (2152).wav,tb
tb (2153).wav,tb
tb (2154).wav,tb
tb (2155).wav,tb
tb (2156).wav,tb
tb (2157).wav,tb
tb (2158).wav,tb
tb (2159).wav,tb
tb (2160).wav,tb
tb (2161).wav,tb
tb (2162).wav,tb
tb (2163).wav,tb
tb (2164).wav,tb
tb (2165).wav,tb
tb (2166).wav,tb
tb (2167).wav,tb
tb (2168).wav,tb
tb (2169).wav,tb
tb (2170).wav,tb
tb (2171).wav,tb
tb (2172).wav,tb
tb (2173).wav,tb
tb (2174).wav,tb
tb (2175).wav,tb
tb (2176).wav,tb
tb (2177).wav,tb
tb (2178).wav,tb
tb (2179).wav,tb
tb (2180).wav,tb
tb (2181).wav,tb
tb (2182).wav,tb
tb (2183).wav,tb
tb (2184).wav,tb
tb (2185).wav,tb
tb (2186).wav,tb
tb (2187).wav,tb
tb (2188).wav,tb
tb (2189).wav,tb
tb (2190).wav,tb
tb (2191).wav,tb
tb (2192).wav,tb
tb (2193).wav,tb
tb (2194).wav,tb
tb (2195).wav,tb
tb (2196).wav,tb
tb (2197).wav,tb
tb (2198).wav,tb
tb (2199).wav,tb
tb (2200).wav,tb
tb (2201).wav,tb
tb (2202).wav,tb
tb (2203).wav,tb
tb (2204).wav,tb
tb (2205).wav,tb
tb (2206).wav,tb
tb (2207).wav,tb
tb (2208).wav,tb
tb (2209).wav,tb
tb (2210).wav,tb
tb (2211).wav,tb
tb (2212).wav,tb
tb (2213).wav,tb
tb (2214).wav,tb
tb (2215).wav,tb
tb (2216).wav,tb
tb (2217).wav,tb
tb (2218).wav,tb
tb (2219).wav,tb
tb (2220).wav,tb
tb (2221).wav,tb
tb (2222).wav,tb
tb (2223).wav,tb
tb (2224).wav,tb
tb (2225).wav,tb
tb (2226).wav,tb
tb (2227).wav,tb
tb (2228).wav,tb
tb (2229).wav,tb
tb (2230).wav,tb
tb (2231).wav,tb
tb (2232).wav,tb
tb (2233).wav,tb
tb (2234).wav,tb
tb (2235).wav,tb
tb (2236).wav,tb
tb (2237).wav,tb
tb (2238).wav,tb
tb (2239).wav,tb
tb (2240).wav,tb
tb (2241).wav,tb
tb (2242).wav,tb
tb (2243).wav,tb
tb (2244).wav,tb
tb (2245).wav,tb
tb (2246).wav,tb
tb (2247).wav,tb
tb (2248).wav,tb
tb (2249).wav,tb
tb (2250).wav,tb
tb (2251).wav,tb
tb (2252).wav,tb
tb (2253).wav,tb
tb (2254).wav,tb
tb (2255).wav,tb
tb (2256).wav,tb
tb (2257).wav,tb
tb (2258).wav,tb
tb (2259).wav,tb
tb (2260).wav,tb
tb (2261).wav,tb
tb (2262).wav,tb
tb (2263).wav,tb
tb (2264).wav,tb
tb (2265).wav,tb
tb (2266).wav,tb
tb (2267).wav,tb
tb (2268).wav,tb
tb (2269).wav,tb
tb (2270).wav,tb
tb (2271).wav,tb
tb (2272).wav,tb
tb (2273).wav,tb
tb (2274).wav,tb
tb (2275).wav,tb
tb (2276).wav,tb
tb (2277).wav,tb
tb (2278).wav,tb
tb (2279).wav,tb
tb (2280).wav,tb
tb (2281).wav,tb
tb (2282).wav,tb
tb (2283).wav,tb
tb (2284).wav,tb
tb (2285).wav,tb
tb (2286).wav,tb
tb (2287).wav,tb
tb (2288).wav,tb
tb (2289).wav,tb
tb (2290).wav,tb
tb (2291).wav,tb
tb (2292).wav,tb
tb (2293).wav,tb
tb (2294).wav,tb
tb (2295).wav,tb
tb (2296).wav,tb
tb (2297).wav,tb
tb (2298).wav,tb
tb (2299).wav,tb
tb (2300).wav,tb
tb (2301).wav,tb
tb (2302).wav,tb
tb (2303).wav,tb
tb (2304).wav,tb
tb (2305).wav,tb
tb (2306).wav,tb
tb (2307).wav,tb
tb (2308).wav,tb
tb (2309).wav,tb
tb (2310).wav,tb
tb (2311).wav,tb
tb (2312).wav,tb
tb (2313).wav,tb
tb (2314).wav,tb
tb (2315).wav,tb
tb (2316).wav,tb
tb (2317).wav,tb
tb (2318).wav,tb
tb (2319).wav,tb
tb (2320).wav,tb
tb (2321).wav,tb
tb (2322).wav,tb
tb (2323).wav,tb
tb (2324).wav,tb
tb (2325).wav,tb
tb (2326).wav,tb
tb (2327).wav,tb
tb (2328).wav,tb
tb (2329).wav,tb
tb (2330).wav,tb
tb (2331).wav,tb
tb (2332).wav,tb
tb (2333).wav,tb
tb (2334).wav,tb
tb (2335).wav,tb
tb (2336).wav,tb
tb (2337).wav,tb
tb (2338).wav,tb
tb (2339).wav,tb
tb (2340).wav,tb
tb (2341).wav,tb
tb (2342).wav,tb
tb (2343).wav,tb
tb (2344).wav,tb
tb (2345).wav,tb
tb (2346).wav,tb
tb (2347).wav,tb
tb (2348).wav,tb
tb (2349).wav,tb
tb (2350).wav,tb
tb (2351).wav,tb
tb (2352).wav,tb
tb (2353).wav,tb
tb (2354).wav,tb
tb (2355).wav,tb
tb (2356).wav,tb
tb (2357).wav,tb
tb (2358).wav,tb
tb (2359).wav,tb
tb (2360).wav,tb
tb (2361).wav,tb
tb (2362).wav,tb
tb (2363).wav,tb
tb (2364).wav,tb
tb (2365).wav,tb
tb (2366).wav,tb
tb (2367).wav,tb
tb (2368).wav,tb
tb (2369).wav,tb
tb (2370).wav,tb
tb (2371).wav,tb
tb (2372).wav,tb
tb (2373).wav,tb
tb (2374).wav,tb
tb (2375).wav,tb
tb (2376).wav,tb
tb (2377).wav,tb
tb (2378).wav,tb
tb (2379).wav,tb
tb (2380).wav,tb
tb (2381).wav,tb
tb (2382).wav,tb
tb (2383).wav,tb
tb (2384).wav,tb
tb (2385).wav,tb
tb (2386).wav,tb
tb (2387).wav,tb
tb (2388).wav,tb
tb (2389).wav,tb
tb (2390).wav,tb
tb (2391).wav,tb
tb (2392).wav,tb
tb (2393).wav,tb
tb (2394).wav,tb
tb (2395).wav,tb
tb (2396).wav,tb
tb (2397).wav,tb
tb (2398).wav,tb
tb (2399).wav,tb
tb (2400).wav,tb
tb (2401).wav,tb
tb (2402).wav,tb
tb (2403).wav,tb
tb (2404).wav,tb
tb (2405).wav,tb
tb (2406).wav,tb
tb (2407).wav,tb
tb (2408).wav,tb
tb (2409).wav,tb
tb (2410).wav,tb
tb (2411).wav,tb
tb (2412).wav,tb
tb (2413).wav,tb
tb (2414).wav,tb
tb (2415).wav,tb
tb (2416).wav,tb
tb (2417).wav,tb
tb (2418).wav,tb
tb (2419).wav,tb
tb (2420).wav,tb
tb (2421).wav,tb
tb (2422).wav,tb
tb (2423).wav,tb
tb (2424).wav,tb
tb (2425).wav,tb
tb (2426).wav,tb
tb (2427).wav,tb
tb (2428).wav,tb
tb (2429).wav,tb
tb (2430).wav,tb
tb (2431).wav,tb
tb (2432).wav,tb
tb (2433).wav,tb
tb (2434).wav,tb
tb (2435).wav,tb
tb (2436).wav,tb
tb (2437).wav,tb
tb (2438).wav,tb
tb (2439).wav,tb
tb (2440).wav,tb
tb (2441).wav,tb
tb (2442).wav,tb
tb (2443).wav,tb
tb (2444).wav,tb
tb (2445).wav,tb
tb (2446).wav,tb
tb (2447).wav,tb
tb (2448).wav,tb
tb (2449).wav,tb
tb (2450).wav,tb
tb (2451).wav,tb
tb (2452).wav,tb
tb (2453).wav,tb
tb (2454).wav,tb
tb (2455).wav,tb
tb (2456).wav,tb
tb (2457).wav,tb
tb (2458).wav,tb
tb (2459).wav,tb
tb (2460).wav,tb
tb (2461).wav,tb
tb (2462).wav,tb
tb (2463).wav,tb
tb (2464).wav,tb
tb (2465).wav,tb
tb (2466).wav,tb
tb (2467).wav,tb
tb (2468).wav,tb
tb (2469).wav,tb
tb (2470).wav,tb
tb (2471).wav,tb
tb (2472).wav,tb
tb (2473).wav,tb
tb (2474).wav,tb
tb (2475).wav,tb
tb (2476).wav,tb
tb (2477).wav,tb
tb (2478).wav,tb
tb (2479).wav,tb
tb (2480).wav,tb
tb (2481).wav,tb
tb (2482).wav,tb
tb (2483).wav,tb
tb (2484).wav,tb
tb (2485).wav,tb
tb (2486).wav,tb
tb (2487).wav,tb
tb (2488).wav,tb
tb (2489).wav,tb
tb (2490).wav,tb
tb (2491).wav,tb
tb (2492).wav,tb
tb (2493).wav,tb
tb (2494).wav,tb
tb (2495).wav,tb
tb (2496).wav,tb
tb (2497).wav,tb
tb (2498).wav,tb
tb (2499).wav,tb
tb (2500).wav,tb
tb (2501).wav,tb
tb (2502).wav,tb
tb (2503).wav,tb
tb (2504).wav,tb
tb (2505).wav,tb
tb (2506).wav,tb
tb (2507).wav,tb
tb (2508).wav,tb
tb (2509).wav,tb
tb (2510).wav,tb
tb (2511).wav,tb
tb (2512).wav,tb
tb (2513).wav,tb
tb (2514).wav,tb
tb (2515).wav,tb
tb (2516).wav,tb
tb (2517).wav,tb
tb (2518).wav,tb
tb (2519).wav,tb
tb (2520).wav,tb
tb (2521).wav,tb
tb (2522).wav,tb
tb (2523).wav,tb
tb (2524).wav,tb
tb (2525).wav,tb
tb (2526).wav,tb
tb (2527).wav,tb
tb (2528).wav,tb
tb (2529).wav,tb
tb (2530).wav,tb
tb (2531).wav,tb
tb (2532).wav,tb
tb (2533).wav,tb
tb (2534).wav,tb
tb (2535).wav,tb
tb (2536).wav,tb
tb (2537).wav,tb
tb (2538).wav,tb
tb (2539).wav,tb
tb (2540).wav,tb
tb (2541).wav,tb
tb (2542).wav,tb
tb (2543).wav,tb
tb (2544).wav,tb
tb (2545).wav,tb
tb (2546).wav,tb
tb (2547).wav,tb
tb (2548).wav,tb
tb (2549).wav,tb
tb (2550).wav,tb
tb (2551).wav,tb
tb (2552).wav,tb
tb (2553).wav,tb
tb (2554).wav,tb
tb (2555).wav,tb
tb (2556).wav,tb
tb (2557).wav,tb
tb (2558).wav,tb
tb (2559).wav,tb
tb (2560).wav,tb
tb (2561).wav,tb
tb (2562).wav,tb
tb (2563).wav,tb
tb (2564).wav,tb
tb (2565).wav,tb
tb (2566).wav,tb
tb (2567).wav,tb
tb (2568).wav,tb
tb (2569).wav,tb
tb (2570).wav,tb
tb (2571).wav,tb
tb (2572).wav,tb
tb (2573).wav,tb
tb (2574).wav,tb
tb (2575).wav,tb
tb (2576).wav,tb
tb (2577).wav,tb
tb (2578).wav,tb
tb (2579).wav,tb
tb (2580).wav,tb
tb (2581).wav,tb
tb (2582).wav,tb
tb (2583).wav,tb
tb (2584).wav,tb
tb (2585).wav,tb
tb (2586).wav,tb
tb (2587).wav,tb
tb (2588).wav,tb
tb (2589).wav,tb
tb (2590).wav,tb
tb (2591).wav,tb
tb (2592).wav,tb
tb (2593).wav,tb
tb (2594).wav,tb
tb (2595).wav,tb
tb (2596).wav,tb
tb (2597).wav,tb
tb (2598).wav,tb
tb (2599).wav,tb
tb (2600).wav,tb
tb (2601).wav,tb
tb (2602).wav,tb
tb (2603).wav,tb
tb (2604).wav,tb
tb (2605).wav,tb
tb (2606).wav,tb
tb (2607).wav,tb
tb (2608).wav,tb
tb (2609).wav,tb
tb (2610).wav,tb
tb (2611).wav,tb
tb (2612).wav,tb
tb (2613).wav,tb
tb (2614).wav,tb
tb (2615).wav,tb
tb (2616).wav,tb
tb (2617).wav,tb
tb (2618).wav,tb
tb (2619).wav,tb
tb (2620).wav,tb
tb (2621).wav,tb
tb (2622).wav,tb
tb (2623).wav,tb
tb (2624).wav,tb
tb (2625).wav,tb
tb (2626).wav,tb
tb (2627).wav,tb
tb (2628).wav,tb
tb (2629).wav,tb
tb (2630).wav,tb
tb (2631).wav,tb
tb (2632).wav,tb
tb (2633).wav,tb
tb (2634).wav,tb
tb (2635).wav,tb
tb (2636).wav,tb
tb (2637).wav,tb
tb (2638).wav,tb
tb (2639).wav,tb
tb (2640).wav,tb
tb (2641).wav,tb
tb (2642).wav,tb
tb (2643).wav,tb
tb (2644).wav,tb
tb (2645).wav,tb
tb (2646).wav,tb
tb (2647).wav,tb
tb (2648).wav,tb
tb (2649).wav,tb
tb (2650).wav,tb
tb (2651).wav,tb
tb (2652).wav,tb
tb (2653).wav,tb
tb (2654).wav,tb
tb (2655).wav,tb
tb (2656).wav,tb
tb (2657).wav,tb
tb (2658).wav,tb
tb (2659).wav,tb
tb (2660).wav,tb
tb (2661).wav,tb
tb (2662).wav,tb
tb (2663).wav,tb
tb (2664).wav,tb
tb (2665).wav,tb
tb (2666).wav,tb
tb (2667).wav,tb
tb (2668).wav,tb
tb (2669).wav,tb
tb (2670).wav,tb
tb (2671).wav,tb
tb (2672).wav,tb
tb (2673).wav,tb
tb (2674).wav,tb
tb (2675).wav,tb
tb (2676).wav,tb
tb (2677).wav,tb
tb (2678).wav,tb
tb (2679).wav,tb
tb (2680).wav,tb
tb (2681).wav,tb
tb (2682).wav,tb
tb (2683).wav,tb
tb (2684).wav,tb
tb (2685).wav,tb
tb (2686).wav,tb
tb (2687).wav,tb
tb (2688).wav,tb
tb (2689).wav,tb
tb (2690).wav,tb
tb (2691).wav,tb
tb (2692).wav,tb
tb (2693).wav,tb
tb (2694).wav,tb
tb (2695).wav,tb
tb (2696).wav,tb
tb (2697).wav,tb
tb (2698).wav,tb
tb (2699).wav,tb
tb (2700).wav,tb
tb (2701).wav,tb
tb (2702).wav,tb
tb (2703).wav,tb
tb (2704).wav,tb
tb (2705).wav,tb
tb (2706).wav,tb
tb (2707).wav,tb
tb (2708).wav,tb
tb (2709).wav,tb
tb (2710).wav,tb
tb (2711).wav,tb
tb (2712).wav,tb
tb (2713).wav,tb
tb (2714).wav,tb
tb (2715).wav,tb
tb (2716).wav,tb
tb (2717).wav,tb
tb (2718).wav,tb
tb (2719).wav,tb
tb (2720).wav,tb
tb (2721).wav,tb
tb (2722).wav,tb
tb (2723).wav,tb
tb (2724).wav,tb
tb (2725).wav,tb
tb (2726).wav,tb
tb (2727).wav,tb
tb (2728).wav,tb
tb (2729).wav,tb
tb (2730).wav,tb
tb (2731).wav,tb
tb (2732).wav,tb
tb (2733).wav,tb
tb (2734).wav,tb
tb (2735).wav,tb
tb (2736).wav,tb
tb (2737).wav,tb
tb (2738).wav,tb
tb (2739).wav,tb
tb (2740).wav,tb
tb (2741).wav,tb
tb (2742).wav,tb
tb (2743).wav,tb
tb (2744).wav,tb
tb (2745).wav,tb
tb (2746).wav,tb
tb (2747).wav,tb
tb (2748).wav,tb
tb (2749).wav,tb
tb (2750).wav,tb
tb (2751).wav,tb
tb (2752).wav,tb
tb (2753).wav,tb
tb (2754).wav,tb
tb (2755).wav,tb
tb (2756).wav,tb
tb (2757).wav,tb
tb (2758).wav,tb
tb (2759).wav,tb
tb (2760).wav,tb
tb (2761).wav,tb
tb (2762).wav,tb
tb (2763).wav,tb
tb (2764).wav,tb
tb (2765).wav,tb
tb (2766).wav,tb
tb (2767).wav,tb
tb (2768).wav,tb
tb (2769).wav,tb
tb (2770).wav,tb
tb (2771).wav,tb
tb (2772).wav,tb
tb (2773).wav,tb
tb (2774).wav,tb
tb (2775).wav,tb
tb (2776).wav,tb
tb (2777).wav,tb
tb (2778).wav,tb
tb (2779).wav,tb
tb (2780).wav,tb
tb (2781).wav,tb
tb (2782).wav,tb
tb (2783).wav,tb
tb (2784).wav,tb
tb (2785).wav,tb
tb (2786).wav,tb
tb (2787).wav,tb
tb (2788).wav,tb
tb (2789).wav,tb
tb (2790).wav,tb
tb (2791).wav,tb
tb (2792).wav,tb
tb (2793).wav,tb
tb (2794).wav,tb
tb (2795).wav,tb
tb (2796).wav,tb
tb (2797).wav,tb
tb (2798).wav,tb
tb (2799).wav,tb
tb (2800).wav,tb
tb (2801).wav,tb
tb (2802).wav,tb
tb (2803).wav,tb
tb (2804).wav,tb
tb (2805).wav,tb
tb (2806).wav,tb
tb (2807).wav,tb
tb (2808).wav,tb
tb (2809).wav,tb
tb (2810).wav,tb
tb (2811).wav,tb
tb (2812).wav,tb
tb (2813).wav,tb
tb (2814).wav,tb
tb (2815).wav,tb
tb (2816).wav,tb
tb (2817).wav,tb
tb (2818).wav,tb
tb (2819).wav,tb
tb (2820).wav,tb
tb (2821).wav,tb
tb (2822).wav,tb
tb (2823).wav,tb
tb (2824).wav,tb
tb (2825).wav,tb
tb (2826).wav,tb
tb (2827).wav,tb
tb (2828).wav,tb
tb (2829).wav,tb
tb (2830).wav,tb
tb (2831).wav,tb
tb (2832).wav,tb
tb (2833).wav,tb
tb (2834).wav,tb
tb (2835).wav,tb
tb (2836).wav,tb
tb (2837).wav,tb
tb (2838).wav,tb
tb (2839).wav,tb
tb (2840).wav,tb
tb (2841).wav,tb
tb (2842).wav,tb
tb (2843).wav,tb
tb (2844).wav,tb
tb (2845).wav,tb
tb (2846).wav,tb
tb (2847).wav,tb
tb (2848).wav,tb
tb (2849).wav,tb
tb (2850).wav,tb
tb (2851).wav,tb
tb (2852).wav,tb
tb (2853).wav,tb
tb (2854).wav,tb
tb (2855).wav,tb
tb (2856).wav,tb
tb (2857).wav,tb
tb (2858).wav,tb
tb (2859).wav,tb
tb (2860).wav,tb
tb (2861).wav,tb
tb (2862).wav,tb
tb (2863).wav,tb
tb (2864).wav,tb
tb (2865).wav,tb
tb (2866).wav,tb
tb (2867).wav,tb
tb (2868).wav,tb
tb (2869).wav,tb
tb (2870).wav,tb
tb (2871).wav,tb
tb (2872).wav,tb
tb (2873).wav,tb
tb (2874).wav,tb
tb (2875).wav,tb
tb (2876).wav,tb
tb (2877).wav,tb
tb (2878).wav,tb
tb (2879).wav,tb
tb (2880).wav,tb
tb (2881).wav,tb
tb (2882).wav,tb
tb (2883).wav,tb
tb (2884).wav,tb
tb (2885).wav,tb
tb (2886).wav,tb
tb (2887).wav,tb
tb (2888).wav,tb
tb (2889).wav,tb
tb (2890).wav,tb
tb (2891).wav,tb
tb (2892).wav,tb
tb (2893).wav,tb
tb (2894).wav,tb
tb (2895).wav,tb
tb (2896).wav,tb
tb (2897).wav,tb
tb (2898).wav,tb
tb (2899).wav,tb
tb (2900).wav,tb
tb (2901).wav,tb
tb (2902).wav,tb
tb (2903).wav,tb
tb (2904).wav,tb
tb (2905).wav,tb
tb (2906).wav,tb
tb (2907).wav,tb
tb (2908).wav,tb
tb (2909).wav,tb
tb (2910).wav,tb
tb (2911).wav,tb
tb (2912).wav,tb
tb (2913).wav,tb
tb (2914).wav,tb
tb (2915).wav,tb
tb (2916).wav,tb
tb (2917).wav,tb
tb (2918).wav,tb
tb (2919).wav,tb
tb (2920).wav,tb
tb (2921).wav,tb
tb (2922).wav,tb
tb (2923).wav,tb
tb (2924).wav,tb
tb (2925).wav,tb
tb (2926).wav,tb
tb (2927).wav,tb
tb (2928).wav,tb
tb (2929).wav,tb
tb (2930).wav,tb
tb (2931).wav,tb
tb (2932).wav,tb
tb (2933).wav,tb
tb (2934).wav,tb
tb (2935).wav,tb
tb (2936).wav,tb
tb (2937).wav,tb
tb (2938).wav,tb
tb (2939).wav,tb
tb (2940).wav,tb
tb (2941).wav,tb
tb (2942).wav,tb
tb (2943).wav,tb
tb (2944).wav,tb
tb (2945).wav,tb
tb (2946).wav,tb
tb (2947).wav,tb
tb (2948).wav,tb
tb (2949).wav,tb
tb (2950).wav,tb
tb (2951).wav,tb
tb (2952).wav,tb
tb (2953).wav,tb
tb (2954).wav,tb
tb (2955).wav,tb
tb (2956).wav,tb
tb (2957).wav,tb
tb (2958).wav,tb
tb (2959).wav,tb
tb (2960).wav,tb
tb (2961).wav,tb
tb (2962).wav,tb
tb (2963).wav,tb
tb (2964).wav,tb
tb (2965).wav,tb
tb (2966).wav,tb
tb (2967).wav,tb
tb (2968).wav,tb
tb (2969).wav,tb
tb (2970).wav,tb
tb (2971).wav,tb
tb (2972).wav,tb
tb (2973).wav,tb
tb (2974).wav,tb
tb (2975).wav,tb
tb (2976).wav,tb
tb (2977).wav,tb
tb (2978).wav,tb
tb (2979).wav,tb
tb (2980).wav,tb
tb (2981).wav,tb
tb (2982).wav,tb
tb (2983).wav,tb
tb (2984).wav,tb
tb (2985).wav,tb
tb (2986).wav,tb
tb (2987).wav,tb
tb (2988).wav,tb
tb (2989).wav,tb
tb (2990).wav,tb
tb (2991).wav,tb
tb (2992).wav,tb
tb (2993).wav,tb
tb (2994).wav,tb
tb (2995).wav,tb
tb (2996).wav,tb
tb (2997).wav,tb
tb (2998).wav,tb
tb (2999).wav,tb
tb (3000).wav,tb
tb (3001).wav,tb
tb (3002).wav,tb
tb (3003).wav,tb
tb (3004).wav,tb
tb (3005).wav,tb
tb (3006).wav,tb
tb (3007).wav,tb
tb (3008).wav,tb
tb (3009).wav,tb
tb (3010).wav,tb
tb (3011).wav,tb
tb (3012).wav,tb
tb (3013).wav,tb
tb (3014).wav,tb
tb (3015).wav,tb
tb (3016).wav,tb
tb (3017).wav,tb
tb (3018).wav,tb
tb (3019).wav,tb
tb (3020).wav,tb
tb (3021).wav,tb
tb (3022).wav,tb
tb (3023).wav,tb
tb (3024).wav,tb
tb (3025).wav,tb
tb (3026).wav,tb
tb (3027).wav,tb
tb (3028).wav,tb
tb (3029).wav,tb
tb (3030).wav,tb
tb (3031).wav,tb
tb (3032).wav,tb
tb (3033).wav,tb
tb (3034).wav,tb
tb (3035).wav,tb
tb (3036).wav,tb
tb (3037).wav,tb
tb (3038).wav,tb
tb (3039).wav,tb
tb (3040).wav,tb
tb (3041).wav,tb
tb (3042).wav,tb
tb (3043).wav,tb
tb (3044).wav,tb
tb (3045).wav,tb
tb (3046).wav,tb
tb (3047).wav,tb
tb (3048).wav,tb
tb (3049).wav,tb
tb (3050).wav,tb
tb (3051).wav,tb
tb (3052).wav,tb
tb (3053).wav,tb
tb (3054).wav,tb
tb (3055).wav,tb
tb (3056).wav,tb
tb (3057).wav,tb
tb (3058).wav,tb
tb (3059).wav,tb
tb (3060).wav,tb
tb (3061).wav,tb
tb (3062).wav,tb
tb (3063).wav,tb
tb (3064).wav,tb
tb (3065).wav,tb
tb (3066).wav,tb
tb (3067).wav,tb
tb (3068).wav,tb
tb (3069).wav,tb
tb (3070).wav,tb
tb (3071).wav,tb
tb (3072).wav,tb
tb (3073).wav,tb
tb (3074).wav,tb
tb (3075).wav,tb
tb (3076).wav,tb
tb (3077).wav,tb
tb (3078).wav,tb
tb (3079).wav,tb
tb (3080).wav,tb
tb (3081).wav,tb
tb (3082).wav,tb
tb (3083).wav,tb
tb (3084).wav,tb
tb (3085).wav,tb
tb (3086).wav,tb
tb (3087).wav,tb
tb (3088).wav,tb
tb (3089).wav,tb
tb (3090).wav,tb
tb (3091).wav,tb
tb (3092).wav,tb
tb (3093).wav,tb
tb (3094).wav,tb
tb (3095).wav,tb
tb (3096).wav,tb
tb (3097).wav,tb
tb (3098).wav,tb
tb (3099).wav,tb
tb (3100).wav,tb
tb (3101).wav,tb
tb (3102).wav,tb
tb (3103).wav,tb
tb (3104).wav,tb
tb (3105).wav,tb
tb (3106).wav,tb
tb (3107).wav,tb
tb (3108).wav,tb
tb (3109).wav,tb
tb (3110).wav,tb
tb (3111).wav,tb
tb (3112).wav,tb
tb (3113).wav,tb
tb (3114).wav,tb
tb (3115).wav,tb
tb (3116).wav,tb
tb (3117).wav,tb
tb (3118).wav,tb
tb (3119).wav,tb
tb (3120).wav,tb
tb (3121).wav,tb
tb (3122).wav,tb
tb (3123).wav,tb
tb (3124).wav,tb
tb (3125).wav,tb
tb (3126).wav,tb
tb (3127).wav,tb
tb (3128).wav,tb
tb (3129).wav,tb
tb (3130).wav,tb
tb (3131).wav,tb
tb (3132).wav,tb
tb (3133).wav,tb
tb (3134).wav,tb
tb (3135).wav,tb
tb (3136).wav,tb
tb (3137).wav,tb
tb (3138).wav,tb
tb (3139).wav,tb
tb (3140).wav,tb
tb (3141).wav,tb
tb (3142).wav,tb
tb (3143).wav,tb
tb (3144).wav,tb
tb (3145).wav,tb
tb (3146).wav,tb
tb (3147).wav,tb
tb (3148).wav,tb
tb (3149).wav,tb
tb (3150).wav,tb
tb (3151).wav,tb
tb (3152).wav,tb
tb (3153).wav,tb
tb (3154).wav,tb
tb (3155).wav,tb
tb (3156).wav,tb
tb (3157).wav,tb
tb (3158).wav,tb
tb (3159).wav,tb
tb (3160).wav,tb
tb (3161).wav,tb
tb (3162).wav,tb
tb (3163).wav,tb
tb (3164).wav,tb
tb (3165).wav,tb
tb (3166).wav,tb
tb (3167).wav,tb
tb (3168).wav,tb
tb (3169).wav,tb
tb (3170).wav,tb
tb (3171).wav,tb
tb (3172).wav,tb
tb (3173).wav,tb
tb (3174).wav,tb
tb (3175).wav,tb
tb (3176).wav,tb
tb (3177).wav,tb
tb (3178).wav,tb
tb (3179).wav,tb
tb (3180).wav,tb
tb (3181).wav,tb
tb (3182).wav,tb
tb (3183).wav,tb
tb (3184).wav,tb
tb (3185).wav,tb
tb (3186).wav,tb
tb (3187).wav,tb
tb (3188).wav,tb
tb (3189).wav,tb
tb (3190).wav,tb
tb (3191).wav,tb
tb (3192).wav,tb
tb (3193).wav,tb
tb (3194).wav,tb
tb (3195).wav,tb
tb (3196).wav,tb
tb (3197).wav,tb
tb (3198).wav,tb
tb (3199).wav,tb
tb (3200).wav,tb
tb (3201).wav,tb
tb (3202).wav,tb
tb (3203).wav,tb
tb (3204).wav,tb
tb (3205).wav,tb
tb (3206).wav,tb
tb (3207).wav,tb
tb (3208).wav,tb
tb (3209).wav,tb
tb (3210).wav,tb
tb (3211).wav,tb
tb (3212).wav,tb
tb (3213).wav,tb
tb (3214).wav,tb
tb (3215).wav,tb
tb (3216).wav,tb
tb (3217).wav,tb
tb (3218).wav,tb
tb (3219).wav,tb
tb (3220).wav,tb
tb (3221).wav,tb
tb (3222).wav,tb
tb (3223).wav,tb
tb (3224).wav,tb
tb (3225).wav,tb
tb (3226).wav,tb
tb (3227).wav,tb
tb (3228).wav,tb
tb (3229).wav,tb
tb (3230).wav,tb
tb (3231).wav,tb
tb (3232).wav,tb
tb (3233).wav,tb
tb (3234).wav,tb
tb (3235).wav,tb
tb (3236).wav,tb
tb (3237).wav,tb
tb (3238).wav,tb
tb (3239).wav,tb
tb (3240).wav,tb
tb (3241).wav,tb
tb (3242).wav,tb
tb (3243).wav,tb
tb (3244).wav,tb
tb (3245).wav,tb
tb (3246).wav,tb
tb (3247).wav,tb
tb (3248).wav,tb
tb (3249).wav,tb
tb (3250).wav,tb
tb (3251).wav,tb
tb (3252).wav,tb
tb (3253).wav,tb
tb (3254).wav,tb
tb (3255).wav,tb
tb (3256).wav,tb
tb (3257).wav,tb
tb (3258).wav,tb
tb (3259).wav,tb
tb (3260).wav,tb
tb (3261).wav,tb
tb (3262).wav,tb
tb (3263).wav,tb
tb (3264).wav,tb
tb (3265).wav,tb
tb (3266).wav,tb
tb (3267).wav,tb
tb (3268).wav,tb
tb (3269).wav,tb
tb (3270).wav,tb
tb (3271).wav,tb
tb (3272).wav,tb
tb (3273).wav,tb
tb (3274).wav,tb
tb (3275).wav,tb
tb (3276).wav,tb
tb (3277).wav,tb
tb (3278).wav,tb
tb (3279).wav,tb
tb (3280).wav,tb
tb (3281).wav,tb
tb (3282).wav,tb
tb (3283).wav,tb
tb (3284).wav,tb
tb (3285).wav,tb
tb (3286).wav,tb
tb (3287).wav,tb
tb (3288).wav,tb
tb (3289).wav,tb
tb (3290).wav,tb
tb (3291).wav,tb
tb (3292).wav,tb
tb (3293).wav,tb
tb (3294).wav,tb
tb (3295).wav,tb
tb (3296).wav,tb
tb (3297).wav,tb
tb (3298).wav,tb
tb (3299).wav,tb
tb (3300).wav,tb
tb (3301).wav,tb
tb (3302).wav,tb
tb (3303).wav,tb
tb (3304).wav,tb
tb (3305).wav,tb
tb (3306).wav,tb
tb (3307).wav,tb
tb (3308).wav,tb
tb (3309).wav,tb
tb (3310).wav,tb
tb (3311).wav,tb
tb (3312).wav,tb
tb (3313).wav,tb
tb (3314).wav,tb
tb (3315).wav,tb
tb (3316).wav,tb
tb (3317).wav,tb
tb (3318).wav,tb
tb (3319).wav,tb
tb (3320).wav,tb
tb (3321).wav,tb
tb (3322).wav,tb
tb (3323).wav,tb
tb (3324).wav,tb
tb (3325).wav,tb
tb (3326).wav,tb
tb (3327).wav,tb
tb (3328).wav,tb
tb (3329).wav,tb
tb (3330).wav,tb
tb (3331).wav,tb
tb (3332).wav,tb
tb (3333).wav,tb
tb (3334).wav,tb
tb (3335).wav,tb
tb (3336).wav,tb
tb (3337).wav,tb
tb (3338).wav,tb
tb (3339).wav,tb
tb (3340).wav,tb
tb (3341).wav,tb
tb (3342).wav,tb
tb (3343).wav,tb
tb (3344).wav,tb
tb (3345).wav,tb
tb (3346).wav,tb
tb (3347).wav,tb
tb (3348).wav,tb
tb (3349).wav,tb
tb (3350).wav,tb
tb (3351).wav,tb
tb (3352).wav,tb
tb (3353).wav,tb
tb (3354).wav,tb
tb (3355).wav,tb
tb (3356).wav,tb
tb (3357).wav,tb
tb (3358).wav,tb
tb (3359).wav,tb
tb (3360).wav,tb
tb (3361).wav,tb
tb (3362).wav,tb
tb (3363).wav,tb
tb (3364).wav,tb
tb (3365).wav,tb
tb (3366).wav,tb
tb (3367).wav,tb
tb (3368).wav,tb
tb (3369).wav,tb
tb (3370).wav,tb
tb (3371).wav,tb
tb (3372).wav,tb
tb (3373).wav,tb
tb (3374).wav,tb
tb (3375).wav,tb
tb (3376).wav,tb
tb (3377).wav,tb
tb (3378).wav,tb
tb (3379).wav,tb
tb (3380).wav,tb
tb (3381).wav,tb
tb (3382).wav,tb
tb (3383).wav,tb
tb (3384).wav,tb
tb (3385).wav,tb
tb (3386).wav,tb
tb (3387).wav,tb
tb (3388).wav,tb
tb (3389).wav,tb
tb (3390).wav,tb
tb (3391).wav,tb
tb (3392).wav,tb
tb (3393).wav,tb
tb (3394).wav,tb
tb (3395).wav,tb
tb (3396).wav,tb
tb (3397).wav,tb
tb (3398).wav,tb
tb (3399).wav,tb
tb (3400).wav,tb
tb (3401).wav,tb
tb (3402).wav,tb
tb (3403).wav,tb
tb (3404).wav,tb
tb (3405).wav,tb
tb (3406).wav,tb
tb (3407).wav,tb
tb (3408).wav,tb
tb (3409).wav,tb
tb (3410).wav,tb
tb (3411).wav,tb
tb (3412).wav,tb
tb (3413).wav,tb
tb (3414).wav,tb
tb (3415).wav,tb
tb (3416).wav,tb
tb (3417).wav,tb
tb (3418).wav,tb
tb (3419).wav,tb
tb (3420).wav,tb
tb (3421).wav,tb
tb (3422).wav,tb
tb (3423).wav,tb
tb (3424).wav,tb
tb (3425).wav,tb
tb (3426).wav,tb
tb (3427).wav,tb
tb (3428).wav,tb
tb (3429).wav,tb
tb (3430).wav,tb
tb (3431).wav,tb
tb (3432).wav,tb
tb (3433).wav,tb
tb (3434).wav,tb
tb (3435).wav,tb
tb (3436).wav,tb
tb (3437).wav,tb
tb (3438).wav,tb
tb (3439).wav,tb
tb (3440).wav,tb
tb (3441).wav,tb
tb (3442).wav,tb
tb (3443).wav,tb
tb (3444).wav,tb
tb (3445).wav,tb
tb (3446).wav,tb
tb (3447).wav,tb
tb (3448).wav,tb
tb (3449).wav,tb
tb (3450).wav,tb
tb (3451).wav,tb
tb (3452).wav,tb
tb (3453).wav,tb
tb (3454).wav,tb
tb (3455).wav,tb
tb (3456).wav,tb
tb (3457).wav,tb
tb (3458).wav,tb
tb (3459).wav,tb
tb (3460).wav,tb
tb (3461).wav,tb
tb (3462).wav,tb
tb (3463).wav,tb
tb (3464).wav,tb
tb (3465).wav,tb
tb (3466).wav,tb
tb (3467).wav,tb
tb (3468).wav,tb
tb (3469).wav,tb
tb (3470).wav,tb
tb (3471).wav,tb
tb (3472).wav,tb
tb (3473).wav,tb
tb (3474).wav,tb
tb (3475).wav,tb
tb (3476).wav,tb
tb (3477).wav,tb
tb (3478).wav,tb
tb (3479).wav,tb
tb (3480).wav,tb
tb (3481).wav,tb
tb (3482).wav,tb
tb (3483).wav,tb
tb (3484).wav,tb
tb (3485).wav,tb
tb (3486).wav,tb
tb (3487).wav,tb
tb (3488).wav,tb
tb (3489).wav,tb
tb (3490).wav,tb
tb (3491).wav,tb
tb (3492).wav,tb
tb (3493).wav,tb
tb (3494).wav,tb
tb (3495).wav,tb
tb (3496).wav,tb
tb (3497).wav,tb
tb (3498).wav,tb
tb (3499).wav,tb
tb (3500).wav,tb
tb (3501).wav,tb
tb (3502).wav,tb
tb (3503).wav,tb
tb (3504).wav,tb
tb (3505).wav,tb
tb (3506).wav,tb
tb (3507).wav,tb
tb (3508).wav,tb
tb (3509).wav,tb
tb (3510).wav,tb
tb (3511).wav,tb
tb (3512).wav,tb
tb (3513).wav,tb
tb (3514).wav,tb
tb (3515).wav,tb
tb (3516).wav,tb
tb (3517).wav,tb
tb (3518).wav,tb
tb (3519).wav,tb
tb (3520).wav,tb
tb (3521).wav,tb
tb (3522).wav,tb
tb (3523).wav,tb
tb (3524).wav,tb
tb (3525).wav,tb
tb (3526).wav,tb
tb (3527).wav,tb
tb (3528).wav,tb
tb (3529).wav,tb
tb (3530).wav,tb
tb (3531).wav,tb
tb (3532).wav,tb
tb (3533).wav,tb
tb (3534).wav,tb
tb (3535).wav,tb
tb (3536).wav,tb
tb (3537).wav,tb
tb (3538).wav,tb
tb (3539).wav,tb
tb (3540).wav,tb
tb (3541).wav,tb
tb (3542).wav,tb
tb (3543).wav,tb
tb (3544).wav,tb
tb (3545).wav,tb
tb (3546).wav,tb
tb (3547).wav,tb
tb (3548).wav,tb
tb (3549).wav,tb
tb (3550).wav,tb
tb (3551).wav,tb
tb (3552).wav,tb
tb (3553).wav,tb
tb (3554).wav,tb
tb (3555).wav,tb
tb (3556).wav,tb
tb (3557).wav,tb
tb (3558).wav,tb
tb (3559).wav,tb
tb (3560).wav,tb
tb (3561).wav,tb
tb (3562).wav,tb
tb (3563).wav,tb
tb (3564).wav,tb
tb (3565).wav,tb
tb (3566).wav,tb
tb (3567).wav,tb
tb (3568).wav,tb
tb (3569).wav,tb
tb (3570).wav,tb
tb (3571).wav,tb
tb (3572).wav,tb
tb (3573).wav,tb
tb (3574).wav,tb
tb (3575).wav,tb
tb (3576).wav,tb
tb (3577).wav,tb
tb (3578).wav,tb
tb (3579).wav,tb
tb (3580).wav,tb
tb (3581).wav,tb
tb (3582).wav,tb
tb (3583).wav,tb
tb (3584).wav,tb
tb (3585).wav,tb
tb (3586).wav,tb
tb (3587).wav,tb
tb (3588).wav,tb
tb (3589).wav,tb
tb (3590).wav,tb
tb (3591).wav,tb
tb (3592).wav,tb
tb (3593).wav,tb
tb (3594).wav,tb
tb (3595).wav,tb
tb (3596).wav,tb
tb (3597).wav,tb
tb (3598).wav,tb
tb (3599).wav,tb
tb (3600).wav,tb
tb (3601).wav,tb
tb (3602).wav,tb
tb (3603).wav,tb
tb (3604).wav,tb
tb (3605).wav,tb
tb (3606).wav,tb
tb (3607).wav,tb
tb (3608).wav,tb
tb (3609).wav,tb
tb (3610).wav,tb
tb (3611).wav,tb
tb (3612).wav,tb
tb (3613).wav,tb
tb (3614).wav,tb
tb (3615).wav,tb
tb (3616).wav,tb
tb (3617).wav,tb
tb (3618).wav,tb
tb (3619).wav,tb
tb (3620).wav,tb
tb (3621).wav,tb
tb (3622).wav,tb
tb (3623).wav,tb
tb (3624).wav,tb
tb (3625).wav,tb
tb (3626).wav,tb
tb (3627).wav,tb
tb (3628).wav,tb
tb (3629).wav,tb
tb (3630).wav,tb
tb (3631).wav,tb
tb (3632).wav,tb
tb (3633).wav,tb
tb (3634).wav,tb
tb (3635).wav,tb
tb (3636).wav,tb
tb (3637).wav,tb
tb (3638).wav,tb
tb (3639).wav,tb
tb (3640).wav,tb
tb (3641).wav,tb
tb (3642).wav,tb
tb (3643).wav,tb
tb (3644).wav,tb
tb (3645).wav,tb
tb (3646).wav,tb
tb (3647).wav,tb
tb (3648).wav,tb
tb (3649).wav,tb
tb (3650).wav,tb
tb (3651).wav,tb
tb (3652).wav,tb
tb (3653).wav,tb
tb (3654).wav,tb
tb (3655).wav,tb
tb (3656).wav,tb
tb (3657).wav,tb
tb (3658).wav,tb
tb (3659).wav,tb
tb (3660).wav,tb
tb (3661).wav,tb
tb (3662).wav,tb
tb (3663).wav,tb
tb (3664).wav,tb
tb (3665).wav,tb
tb (3666).wav,tb
tb (3667).wav,tb
tb (3668).wav,tb
tb (3669).wav,tb
tb (3670).wav,tb
tb (3671).wav,tb
tb (3672).wav,tb
tb (3673).wav,tb
tb (3674).wav,tb
tb (3675).wav,tb
tb (3676).wav,tb
tb (3677).wav,tb
tb (3678).wav,tb
tb (3679).wav,tb
tb (3680).wav,tb
tb (3681).wav,tb
tb (3682).wav,tb
tb (3683).wav,tb
tb (3684).wav,tb
tb (3685).wav,tb
tb (3686).wav,tb
tb (3687).wav,tb
tb (3688).wav,tb
tb (3689).wav,tb
tb (3690).wav,tb
tb (3691).wav,tb
tb (3692).wav,tb
tb (3693).wav,tb
tb (3694).wav,tb
tb (3695).wav,tb
tb (3696).wav,tb
tb (3697).wav,tb
tb (3698).wav,tb
tb (3699).wav,tb
tb (3700).wav,tb
tb (3701).wav,tb
tb (3702).wav,tb
tb (3703).wav,tb
tb (3704).wav,tb
tb (3705).wav,tb
tb (3706).wav,tb
tb (3707).wav,tb
tb (3708).wav,tb
tb (3709).wav,tb
tb (3710).wav,tb
tb (3711).wav,tb
tb (3712).wav,tb
tb (3713).wav,tb
tb (3714).wav,tb
tb (3715).wav,tb
tb (3716).wav,tb
tb (3717).wav,tb
tb (3718).wav,tb
tb (3719).wav,tb
tb (3720).wav,tb
tb (3721).wav,tb
tb (3722).wav,tb
tb (3723).wav,tb
tb (3724).wav,tb
tb (3725).wav,tb
tb (3726).wav,tb
tb (3727).wav,tb
tb (3728).wav,tb
tb (3729).wav,tb
tb (3730).wav,tb
tb (3731).wav,tb
tb (3732).wav,tb
tb (3733).wav,tb
tb (3734).wav,tb
tb (3735).wav,tb
tb (3736).wav,tb
tb (3737).wav,tb
tb (3738).wav,tb
tb (3739).wav,tb
tb (3740).wav,tb
tb (3741).wav,tb
tb (3742).wav,tb
tb (3743).wav,tb
tb (3744).wav,tb
tb (3745).wav,tb
tb (3746).wav,tb
tb (3747).wav,tb
tb (3748).wav,tb
tb (3749).wav,tb
tb (3750).wav,tb
tb (3751).wav,tb
tb (3752).wav,tb
tb (3753).wav,tb
tb (3754).wav,tb
tb (3755).wav,tb
tb (3756).wav,tb
tb (3757).wav,tb
tb (3758).wav,tb
tb (3759).wav,tb
tb (3760).wav,tb
tb (3761).wav,tb
tb (3762).wav,tb
tb (3763).wav,tb
tb (3764).wav,tb
tb (3765).wav,tb
tb (3766).wav,tb
tb (3767).wav,tb
tb (3768).wav,tb
tb (3769).wav,tb
tb (3770).wav,tb
tb (3771).wav,tb
tb (3772).wav,tb
tb (3773).wav,tb
tb (3774).wav,tb
tb (3775).wav,tb
tb (3776).wav,tb
tb (3777).wav,tb
tb (3778).wav,tb
tb (3779).wav,tb
tb (3780).wav,tb
tb (3781).wav,tb
tb (3782).wav,tb
tb (3783).wav,tb
tb (3784).wav,tb
tb (3785).wav,tb
tb (3786).wav,tb
tb (3787).wav,tb
tb (3788).wav,tb
tb (3789).wav,tb
tb (3790).wav,tb
tb (3791).wav,tb
tb (3792).wav,tb
tb (3793).wav,tb
tb (3794).wav,tb
tb (3795).wav,tb
tb (3796).wav,tb
tb (3797).wav,tb
tb (3798).wav,tb
tb (3799).wav,tb
tb (3800).wav,tb
tb (3801).wav,tb
tb (3802).wav,tb
tb (3803).wav,tb
tb (3804).wav,tb
tb (3805).wav,tb
tb (3806).wav,tb
tb (3807).wav,tb
tb (3808).wav,tb
tb (3809).wav,tb
tb (3810).wav,tb
tb (3811).wav,tb
tb (3812).wav,tb
tb (3813).wav,tb
tb (3814).wav,tb
tb (3815).wav,tb
tb (3816).wav,tb
tb (3817).wav,tb
tb (3818).wav,tb
tb (3819).wav,tb
tb (3820).wav,tb
tb (3821).wav,tb
tb (3822).wav,tb
tb (3823).wav,tb
tb (3824).wav,tb
tb (3825).wav,tb
tb (3826).wav,tb
tb (3827).wav,tb
tb (3828).wav,tb
tb (3829).wav,tb
tb (3830).wav,tb
tb (3831).wav,tb
tb (3832).wav,tb
tb (3833).wav,tb
tb (3834).wav,tb
tb (3835).wav,tb
tb (3836).wav,tb
tb (3837).wav,tb
tb (3838).wav,tb
tb (3839).wav,tb
tb (3840).wav,tb
tb (3841).wav,tb
tb (3842).wav,tb
tb (3843).wav,tb
tb (3844).wav,tb
tb (3845).wav,tb
tb (3846).wav,tb
tb (3847).wav,tb
tb (3848).wav,tb
tb (3849).wav,tb
tb (3850).wav,tb
tb (3851).wav,tb
tb (3852).wav,tb
tb (3853).wav,tb
tb (3854).wav,tb
tb (3855).wav,tb
tb (3856).wav,tb
tb (3857).wav,tb
tb (3858).wav,tb
tb (3859).wav,tb
tb (3860).wav,tb
tb (3861).wav,tb
tb (3862).wav,tb
tb (3863).wav,tb
tb (3864).wav,tb
tb (3865).wav,tb
tb (3866).wav,tb
tb (3867).wav,tb
tb (3868).wav,tb
tb (3869).wav,tb
tb (3870).wav,tb
tb (3871).wav,tb
tb (3872).wav,tb
tb (3873).wav,tb
tb (3874).wav,tb
tb (3875).wav,tb
tb (3876).wav,tb
tb (3877).wav,tb
tb (3878).wav,tb
tb (3879).wav,tb
tb (3880).wav,tb
tb (3881).wav,tb
tb (3882).wav,tb
tb (3883).wav,tb
tb (3884).wav,tb
tb (3885).wav,tb
tb (3886).wav,tb
tb (3887).wav,tb
tb (3888).wav,tb
tb (3889).wav,tb
tb (3890).wav,tb
tb (3891).wav,tb
tb (3892).wav,tb
tb (3893).wav,tb
tb (3894).wav,tb
tb (3895).wav,tb
tb (3896).wav,tb
tb (3897).wav,tb
tb (3898).wav,tb
tb (3899).wav,tb
tb (3900).wav,tb
tb (3901).wav,tb
tb (3902).wav,tb
tb (3903).wav,tb
tb (3904).wav,tb
tb (3905).wav,tb
tb (3906).wav,tb
tb (3907).wav,tb
tb (3908).wav,tb
tb (3909).wav,tb
tb (3910).wav,tb
tb (3911).wav,tb
tb (3912).wav,tb
tb (3913).wav,tb
tb (3914).wav,tb
tb (3915).wav,tb
tb (3916).wav,tb
tb (3917).wav,tb
tb (3918).wav,tb
tb (3919).wav,tb
tb (3920).wav,tb
tb (3921).wav,tb
tb (3922).wav,tb
tb (3923).wav,tb
tb (3924).wav,tb
tb (3925).wav,tb
tb (3926).wav,tb
tb (3927).wav,tb
tb (3928).wav,tb
tb (3929).wav,tb
tb (3930).wav,tb
tb (3931).wav,tb
tb (3932).wav,tb
tb (3933).wav,tb
tb (3934).wav,tb
tb (3935).wav,tb
tb (3936).wav,tb
tb (3937).wav,tb
tb (3938).wav,tb
tb (3939).wav,tb
tb (3940).wav,tb
tb (3941).wav,tb
tb (3942).wav,tb
tb (3943).wav,tb
tb (3944).wav,tb
tb (3945).wav,tb
tb (3946).wav,tb
tb (3947).wav,tb
tb (3948).wav,tb
tb (3949).wav,tb
tb (3950).wav,tb
tb (3951).wav,tb
tb (3952).wav,tb
tb (3953).wav,tb
tb (3954).wav,tb
tb (3955).wav,tb
tb (3956).wav,tb
tb (3957).wav,tb
tb (3958).wav,tb
tb (3959).wav,tb
tb (3960).wav,tb
tb (3961).wav,tb
tb (3962).wav,tb
tb (3963).wav,tb
tb (3964).wav,tb
tb (3965).wav,tb
tb (3966).wav,tb
tb (3967).wav,tb
tb (3968).wav,tb
tb (3969).wav,tb
tb (3970).wav,tb
tb (3971).wav,tb
tb (3972).wav,tb
tb (3973).wav,tb
tb (3974).wav,tb
tb (3975).wav,tb
tb (3976).wav,tb
tb (3977).wav,tb
tb (3978).wav,tb
tb (3979).wav,tb
tb (3980).wav,tb
tb (3981).wav,tb
tb (3982).wav,tb
tb (3983).wav,tb
tb (3984).wav,tb
tb (3985).wav,tb
tb (3986).wav,tb
tb (3987).wav,tb
tb (3988).wav,tb
tb (3989).wav,tb
tb (3990).wav,tb
tb (3991).wav,tb
tb (3992).wav,tb
tb (3993).wav,tb
tb (3994).wav,tb
tb (3995).wav,tb
tb (3996).wav,tb
tb (3997).wav,tb
tb (3998).wav,tb
tb (3999).wav,tb
tb (4000).wav,tb
tb (4001).wav,tb
tb (4002).wav,tb
tb (4003).wav,tb
tb (4004).wav,tb
tb (4005).wav,tb
tb (4006).wav,tb
tb (4007).wav,tb
tb (4008).wav,tb
tb (4009).wav,tb
tb (4010).wav,tb
tb (4011).wav,tb
tb (4012).wav,tb
tb (4013).wav,tb
tb (4014).wav,tb
tb (4015).wav,tb
tb (4016).wav,tb
tb (4017).wav,tb
tb (4018).wav,tb
tb (4019).wav,tb
tb (4020).wav,tb
tb (4021).wav,tb
tb (4022).wav,tb
tb (4023).wav,tb
tb (4024).wav,tb
tb (4025).wav,tb
tb (4026).wav,tb
tb (4027).wav,tb
tb (4028).wav,tb
tb (4029).wav,tb
tb (4030).wav,tb
tb (4031).wav,tb
tb (4032).wav,tb
tb (4033).wav,tb
tb (4034).wav,tb
tb (4035).wav,tb
tb (4036).wav,tb
tb (4037).wav,tb
tb (4038).wav,tb
tb (4039).wav,tb
tb (4040).wav,tb
tb (4041).wav,tb
tb (4042).wav,tb
tb (4043).wav,tb
tb (4044).wav,tb
tb (4045).wav,tb
tb (4046).wav,tb
tb (4047).wav,tb
tb (4048).wav,tb
tb (4049).wav,tb
tb (4050).wav,tb
tb (4051).wav,tb
tb (4052).wav,tb
tb (4053).wav,tb
tb (4054).wav,tb
tb (4055).wav,tb
tb (4056).wav,tb
tb (4057).wav,tb
tb (4058).wav,tb
tb (4059).wav,tb
tb (4060).wav,tb
tb (4061).wav,tb
tb (4062).wav,tb
tb (4063).wav,tb
tb (4064).wav,tb
tb (4065).wav,tb
tb (4066).wav,tb
tb (4067).wav,tb
tb (4068).wav,tb
tb (4069).wav,tb
tb (4070).wav,tb
tb (4071).wav,tb
tb (4072).wav,tb
tb (4073).wav,tb
tb (4074).wav,tb
tb (4075).wav,tb
tb (4076).wav,tb
tb (4077).wav,tb
tb (4078).wav,tb
tb (4079).wav,tb
tb (4080).wav,tb
tb (4081).wav,tb
tb (4082).wav,tb
tb (4083).wav,tb
tb (4084).wav,tb
tb (4085).wav,tb
tb (4086).wav,tb
tb (4087).wav,tb
tb (4088).wav,tb
tb (4089).wav,tb
tb (4090).wav,tb
tb (4091).wav,tb
tb (4092).wav,tb
tb (4093).wav,tb
tb (4094).wav,tb
tb (4095).wav,tb
tb (4096).wav,tb
tb (4097).wav,tb
tb (4098).wav,tb
tb (4099).wav,tb
tb (4100).wav,tb
tb (4101).wav,tb
tb (4102).wav,tb
tb (4103).wav,tb
tb (4104).wav,tb
tb (4105).wav,tb
tb (4106).wav,tb
tb (4107).wav,tb
tb (4108).wav,tb
tb (4109).wav,tb
tb (4110).wav,tb
tb (4111).wav,tb
tb (4112).wav,tb
tb (4113).wav,tb
tb (4114).wav,tb
tb (4115).wav,tb
tb (4116).wav,tb
tb (4117).wav,tb
tb (4118).wav,tb
tb (4119).wav,tb
tb (4120).wav,tb
tb (4121).wav,tb
tb (4122).wav,tb
tb (4123).wav,tb
tb (4124).wav,tb
tb (4125).wav,tb
tb (4126).wav,tb
tb (4127).wav,tb
tb (4128).wav,tb
tb (4129).wav,tb
tb (4130).wav,tb
tb (4131).wav,tb
tb (4132).wav,tb
tb (4133).wav,tb
tb (4134).wav,tb
tb (4135).wav,tb
tb (4136).wav,tb
tb (4137).wav,tb
tb (4138).wav,tb
tb (4139).wav,tb
tb (4140).wav,tb
tb (4141).wav,tb
tb (4142).wav,tb
tb (4143).wav,tb
tb (4144).wav,tb
tb (4145).wav,tb
tb (4146).wav,tb
tb (4147).wav,tb
tb (4148).wav,tb
tb (4149).wav,tb
tb (4150).wav,tb
tb (4151).wav,tb
tb (4152).wav,tb
tb (4153).wav,tb
tb (4154).wav,tb
tb (4155).wav,tb
tb (4156).wav,tb
tb (4157).wav,tb
tb (4158).wav,tb
tb (4159).wav,tb
tb (4160).wav,tb
tb (4161).wav,tb
tb (4162).wav,tb
tb (4163).wav,tb
tb (4164).wav,tb
tb (4165).wav,tb
tb (4166).wav,tb
tb (4167).wav,tb
tb (4168).wav,tb
tb (4169).wav,tb
tb (4170).wav,tb
tb (4171).wav,tb
tb (4172).wav,tb
tb (4173).wav,tb
tb (4174).wav,tb
tb (4175).wav,tb
tb (4176).wav,tb
tb (4177).wav,tb
tb (4178).wav,tb
tb (4179).wav,tb
tb (4180).wav,tb
tb (4181).wav,tb
tb (4182).wav,tb
tb (4183).wav,tb
tb (4184).wav,tb
tb (4185).wav,tb
tb (4186).wav,tb
tb (4187).wav,tb
tb (4188).wav,tb
tb (4189).wav,tb
tb (4190).wav,tb
tb (4191).wav,tb
tb (4192).wav,tb
tb (4193).wav,tb
tb (4194).wav,tb
tb (4195).wav,tb
tb (4196).wav,tb
tb (4197).wav,tb
tb (4198).wav,tb
tb (4199).wav,tb
tb (4200).wav,tb
tb (4201).wav,tb
tb (4202).wav,tb
tb (4203).wav,tb
tb (4204).wav,tb
tb (4205).wav,tb
tb (4206).wav,tb
tb (4207).wav,tb
tb (4208).wav,tb
tb (4209).wav,tb
tb (4210).wav,tb
tb (4211).wav,tb
tb (4212).wav,tb
tb (4213).wav,tb
tb (4214).wav,tb
tb (4215).wav,tb
tb (4216).wav,tb
tb (4217).wav,tb
tb (4218).wav,tb
tb (4219).wav,tb
tb (4220).wav,tb
tb (4221).wav,tb
tb (4222).wav,tb
tb (4223).wav,tb
tb (4224).wav,tb
tb (4225).wav,tb
tb (4226).wav,tb
tb (4227).wav,tb
tb (4228).wav,tb
tb (4229).wav,tb
tb (4230).wav,tb
tb (4231).wav,tb
tb (4232).wav,tb
tb (4233).wav,tb
tb (4234).wav,tb
tb (4235).wav,tb
tb (4236).wav,tb
tb (4237).wav,tb
tb (4238).wav,tb
tb (4239).wav,tb
tb (4240).wav,tb
tb (4241).wav,tb
tb (4242).wav,tb
tb (4243).wav,tb
tb (4244).wav,tb
tb (4245).wav,tb
tb (4246).wav,tb
tb (4247).wav,tb
tb (4248).wav,tb
tb (4249).wav,tb
tb (4250).wav,tb
tb (4251).wav,tb
tb (4252).wav,tb
tb (4253).wav,tb
tb (4254).wav,tb
tb (4255).wav,tb
tb (4256).wav,tb
tb (4257).wav,tb
tb (4258).wav,tb
tb (4259).wav,tb
tb (4260).wav,tb
tb (4261).wav,tb
tb (4262).wav,tb
tb (4263).wav,tb
tb (4264).wav,tb
tb (4265).wav,tb
tb (4266).wav,tb
tb (4267).wav,tb
tb (4268).wav,tb
tb (4269).wav,tb
tb (4270).wav,tb
tb (4271).wav,tb
tb (4272).wav,tb
tb (4273).wav,tb
tb (4274).wav,tb
tb (4275).wav,tb
tb (4276).wav,tb
tb (4277).wav,tb
tb (4278).wav,tb
tb (4279).wav,tb
tb (4280).wav,tb
tb (4281).wav,tb
tb (4282).wav,tb
tb (4283).wav,tb
tb (4284).wav,tb
tb (4285).wav,tb
tb (4286).wav,tb
tb (4287).wav,tb
tb (4288).wav,tb
tb (4289).wav,tb
tb (4290).wav,tb
tb (4291).wav,tb
tb (4292).wav,tb
tb (4293).wav,tb
tb (4294).wav,tb
tb (4295).wav,tb
tb (4296).wav,tb
tb (4297).wav,tb
tb (4298).wav,tb
tb (4299).wav,tb
tb (4300).wav,tb
tb (4301).wav,tb
tb (4302).wav,tb
tb (4303).wav,tb
tb (4304).wav,tb
tb (4305).wav,tb
tb (4306).wav,tb
tb (4307).wav,tb
tb (4308).wav,tb
tb (4309).wav,tb
tb (4310).wav,tb
tb (4311).wav,tb
tb (4312).wav,tb
tb (4313).wav,tb
tb (4314).wav,tb
tb (4315).wav,tb
tb (4316).wav,tb
tb (4317).wav,tb
tb (4318).wav,tb
tb (4319).wav,tb
tb (4320).wav,tb
tb (4321).wav,tb
tb (4322).wav,tb
tb (4323).wav,tb
tb (4324).wav,tb
tb (4325).wav,tb
tb (4326).wav,tb
tb (4327).wav,tb
tb (4328).wav,tb
tb (4329).wav,tb
tb (4330).wav,tb
tb (4331).wav,tb
tb (4332).wav,tb
tb (4333).wav,tb
tb (4334).wav,tb
tb (4335).wav,tb
tb (4336).wav,tb
tb (4337).wav,tb
tb (4338).wav,tb
tb (4339).wav,tb
tb (4340).wav,tb
tb (4341).wav,tb
tb (4342).wav,tb
tb (4343).wav,tb
tb (4344).wav,tb
tb (4345).wav,tb
tb (4346).wav,tb
tb (4347).wav,tb
tb (4348).wav,tb
tb (4349).wav,tb
tb (4350).wav,tb
tb (4351).wav,tb
tb (4352).wav,tb
tb (4353).wav,tb
tb (4354).wav,tb
tb (4355).wav,tb
tb (4356).wav,tb
tb (4357).wav,tb
tb (4358).wav,tb
tb (4359).wav,tb
tb (4360).wav,tb
tb (4361).wav,tb
tb (4362).wav,tb
tb (4363).wav,tb
tb (4364).wav,tb
tb (4365).wav,tb
tb (4366).wav,tb
tb (4367).wav,tb
tb (4368).wav,tb
tb (4369).wav,tb
tb (4370).wav,tb
tb (4371).wav,tb
tb (4372).wav,tb
tb (4373).wav,tb
tb (4374).wav,tb
tb (4375).wav,tb
tb (4376).wav,tb
tb (4377).wav,tb
tb (4378).wav,tb
tb (4379).wav,tb
tb (4380).wav,tb
tb (4381).wav,tb
tb (4382).wav,tb
tb (4383).wav,tb
tb (4384).wav,tb
tb (4385).wav,tb
tb (4386).wav,tb
tb (4387).wav,tb
tb (4388).wav,tb
tb (4389).wav,tb
tb (4390).wav,tb
tb (4391).wav,tb
tb (4392).wav,tb
tb (4393).wav,tb
tb (4394).wav,tb
tb (4395).wav,tb
tb (4396).wav,tb
tb (4397).wav,tb
tb (4398).wav,tb
tb (4399).wav,tb
tb (4400).wav,tb
tb (4401).wav,tb
tb (4402).wav,tb
tb (4403).wav,tb
tb (4404).wav,tb
tb (4405).wav,tb
tb (4406).wav,tb
tb (4407).wav,tb
tb (4408).wav,tb
tb (4409).wav,tb
tb (4410).wav,tb
tb (4411).wav,tb
tb (4412).wav,tb
tb (4413).wav,tb
tb (4414).wav,tb
tb (4415).wav,tb
tb (4416).wav,tb
tb (4417).wav,tb
tb (4418).wav,tb
tb (4419).wav,tb
tb (4420).wav,tb
tb (4421).wav,tb
tb (4422).wav,tb
tb (4423).wav,tb
tb (4424).wav,tb
tb (4425).wav,tb
tb (4426).wav,tb
tb (4427).wav,tb
tb (4428).wav,tb
tb (4429).wav,tb
tb (4430).wav,tb
tb (4431).wav,tb
tb (4432).wav,tb
tb (4433).wav,tb
tb (4434).wav,tb
tb (4435).wav,tb
tb (4436).wav,tb
tb (4437).wav,tb
tb (4438).wav,tb
tb (4439).wav,tb
tb (4440).wav,tb
tb (4441).wav,tb
tb (4442).wav,tb
tb (4443).wav,tb
tb (4444).wav,tb
tb (4445).wav,tb
tb (4446).wav,tb
tb (4447).wav,tb
tb (4448).wav,tb
tb (4449).wav,tb
tb (4450).wav,tb
tb (4451).wav,tb
tb (4452).wav,tb
tb (4453).wav,tb
tb (4454).wav,tb
tb (4455).wav,tb
tb (4456).wav,tb
tb (4457).wav,tb
tb (4458).wav,tb
tb (4459).wav,tb
tb (4460).wav,tb
tb (4461).wav,tb
tb (4462).wav,tb
tb (4463).wav,tb
tb (4464).wav,tb
tb (4465).wav,tb
tb (4466).wav,tb
tb (4467).wav,tb
tb (4468).wav,tb
tb (4469).wav,tb
tb (4470).wav,tb
tb (4471).wav,tb
tb (4472).wav,tb
tb (4473).wav,tb
tb (4474).wav,tb
tb (4475).wav,tb
tb (4476).wav,tb
tb (4477).wav,tb
tb (4478).wav,tb
tb (4479).wav,tb
tb (4480).wav,tb
tb (4481).wav,tb
tb (4482).wav,tb
tb (4483).wav,tb
tb (4484).wav,tb
tb (4485).wav,tb
tb (4486).wav,tb
tb (4487).wav,tb
tb (4488).wav,tb
tb (4489).wav,tb
tb (4490).wav,tb
tb (4491).wav,tb
tb (4492).wav,tb
tb (4493).wav,tb
tb (4494).wav,tb
tb (4495).wav,tb
tb (4496).wav,tb
tb (4497).wav,tb
tb (4498).wav,tb
tb (4499).wav,tb
tb (4500).wav,tb
tb (4501).wav,tb
tb (4502).wav,tb
tb (4503).wav,tb
tb (4504).wav,tb
tb (4505).wav,tb
tb (4506).wav,tb
tb (4507).wav,tb
tb (4508).wav,tb
tb (4509).wav,tb
tb (4510).wav,tb
tb (4511).wav,tb
tb (4512).wav,tb
tb (4513).wav,tb
tb (4514).wav,tb
tb (4515).wav,tb
tb (4516).wav,tb
tb (4517).wav,tb
tb (4518).wav,tb
tb (4519).wav,tb
tb (4520).wav,tb
tb (4521).wav,tb
tb (4522).wav,tb
tb (4523).wav,tb
tb (4524).wav,tb
tb (4525).wav,tb
tb (4526).wav,tb
tb (4527).wav,tb
tb (4528).wav,tb
tb (4529).wav,tb
tb (4530).wav,tb
tb (4531).wav,tb
tb (4532).wav,tb
tb (4533).wav,tb
tb (4534).wav,tb
tb (4535).wav,tb
tb (4536).wav,tb
tb (4537).wav,tb
tb (4538).wav,tb
tb (4539).wav,tb
tb (4540).wav,tb
tb (4541).wav,tb
tb (4542).wav,tb
tb (4543).wav,tb
tb (4544).wav,tb
tb (4545).wav,tb
tb (4546).wav,tb
tb (4547).wav,tb
tb (4548).wav,tb
tb (4549).wav,tb
tb (4550).wav,tb
tb (4551).wav,tb
tb (4552).wav,tb
tb (4553).wav,tb
tb (4554).wav,tb
tb (4555).wav,tb
tb (4556).wav,tb
tb (4557).wav,tb
tb (4558).wav,tb
tb (4559).wav,tb
tb (4560).wav,tb
tb (4561).wav,tb
tb (4562).wav,tb
tb (4563).wav,tb
tb (4564).wav,tb
tb (4565).wav,tb
tb (4566).wav,tb
tb (4567).wav,tb
tb (4568).wav,tb
tb (4569).wav,tb
tb (4570).wav,tb
tb (4571).wav,tb
tb (4572).wav,tb
tb (4573).wav,tb
tb (4574).wav,tb
tb (4575).wav,tb
tb (4576).wav,tb
tb (4577).wav,tb
tb (4578).wav,tb
tb (4579).wav,tb
tb (4580).wav,tb
tb (4581).wav,tb
tb (4582).wav,tb
tb (4583).wav,tb
tb (4584).wav,tb
tb (4585).wav,tb
tb (4586).wav,tb
tb (4587).wav,tb
tb (4588).wav,tb
tb (4589).wav,tb
tb (4590).wav,tb
tb (4591).wav,tb
tb (4592).wav,tb
tb (4593).wav,tb
tb (4594).wav,tb
tb (4595).wav,tb
tb (4596).wav,tb
tb (4597).wav,tb
tb (4598).wav,tb
tb (4599).wav,tb
tb (4600).wav,tb
tb (4601).wav,tb
tb (4602).wav,tb
tb (4603).wav,tb
tb (4604).wav,tb
tb (4605).wav,tb
tb (4606).wav,tb
tb (4607).wav,tb
tb (4608).wav,tb
tb (4609).wav,tb
tb (4610).wav,tb
tb (4611).wav,tb
tb (4612).wav,tb
tb (4613).wav,tb
tb (4614).wav,tb
tb (4615).wav,tb
tb (4616).wav,tb
tb (4617).wav,tb
tb (4618).wav,tb
tb (4619).wav,tb
tb (4620).wav,tb
tb (4621).wav,tb
tb (4622).wav,tb
tb (4623).wav,tb
tb (4624).wav,tb
tb (4625).wav,tb
tb (4626).wav,tb
tb (4627).wav,tb
tb (4628).wav,tb
tb (4629).wav,tb
tb (4630).wav,tb
tb (4631).wav,tb
tb (4632).wav,tb
tb (4633).wav,tb
tb (4634).wav,tb
tb (4635).wav,tb
tb (4636).wav,tb
tb (4637).wav,tb
tb (4638).wav,tb
tb (4639).wav,tb
tb (4640).wav,tb
tb (4641).wav,tb
tb (4642).wav,tb
tb (4643).wav,tb
tb (4644).wav,tb
tb (4645).wav,tb
tb (4646).wav,tb
tb (4647).wav,tb
tb (4648).wav,tb
tb (4649).wav,tb
tb (4650).wav,tb
tb (4651).wav,tb
tb (4652).wav,tb
tb (4653).wav,tb
tb (4654).wav,tb
tb (4655).wav,tb
tb (4656).wav,tb
tb (4657).wav,tb
tb (4658).wav,tb
tb (4659).wav,tb
tb (4660).wav,tb
tb (4661).wav,tb
tb (4662).wav,tb
tb (4663).wav,tb
tb (4664).wav,tb
tb (4665).wav,tb
tb (4666).wav,tb
tb (4667).wav,tb
tb (4668).wav,tb
tb (4669).wav,tb
tb (4670).wav,tb
tb (4671).wav,tb
tb (4672).wav,tb
tb (4673).wav,tb
tb (4674).wav,tb
tb (4675).wav,tb
tb (4676).wav,tb
tb (4677).wav,tb
tb (4678).wav,tb
tb (4679).wav,tb
tb (4680).wav,tb
tb (4681).wav,tb
tb (4682).wav,tb
tb (4683).wav,tb
tb (4684).wav,tb
tb (4685).wav,tb
tb (4686).wav,tb
tb (4687).wav,tb
tb (4688).wav,tb
tb (4689).wav,tb
tb (4690).wav,tb
tb (4691).wav,tb
tb (4692).wav,tb
tb (4693).wav,tb
tb (4694).wav,tb
tb (4695).wav,tb
tb (4696).wav,tb
tb (4697).wav,tb
tb (4698).wav,tb
tb (4699).wav,tb
tb (4700).wav,tb
tb (4701).wav,tb
tb (4702).wav,tb
tb (4703).wav,tb
tb (4704).wav,tb
tb (4705).wav,tb
tb (4706).wav,tb
tb (4707).wav,tb
tb (4708).wav,tb
tb (4709).wav,tb
tb (4710).wav,tb
tb (4711).wav,tb
tb (4712).wav,tb
tb (4713).wav,tb
tb (4714).wav,tb
tb (4715).wav,tb
tb (4716).wav,tb
tb (4717).wav,tb
tb (4718).wav,tb
tb (4719).wav,tb
tb (4720).wav,tb
tb (4721).wav,tb
tb (4722).wav,tb
tb (4723).wav,tb
tb (4724).wav,tb
tb (4725).wav,tb
tb (4726).wav,tb
tb (4727).wav,tb
tb (4728).wav,tb
tb (4729).wav,tb
tb (4730).wav,tb
tb (4731).wav,tb
tb (4732).wav,tb
tb (4733).wav,tb
tb (4734).wav,tb
tb (4735).wav,tb
tb (4736).wav,tb
tb (4737).wav,tb
tb (4738).wav,tb
tb (4739).wav,tb
tb (4740).wav,tb
tb (4741).wav,tb
tb (4742).wav,tb
tb (4743).wav,tb
tb (4744).wav,tb
tb (4745).wav,tb
tb (4746).wav,tb
tb (4747).wav,tb
tb (4748).wav,tb
tb (4749).wav,tb
tb (4750).wav,tb
tb (4751).wav,tb
tb (4752).wav,tb
tb (4753).wav,tb
tb (4754).wav,tb
tb (4755).wav,tb
tb (4756).wav,tb
tb (4757).wav,tb
tb (4758).wav,tb
tb (4759).wav,tb
tb (4760).wav,tb
tb (4761).wav,tb
tb (4762).wav,tb
tb (4763).wav,tb
tb (4764).wav,tb
tb (4765).wav,tb
tb (4766).wav,tb
tb (4767).wav,tb
tb (4768).wav,tb
tb (4769).wav,tb
tb (4770).wav,tb
tb (4771).wav,tb
tb (4772).wav,tb
tb (4773).wav,tb
tb (4774).wav,tb
tb (4775).wav,tb
tb (4776).wav,tb
tb (4777).wav,tb
tb (4778).wav,tb
tb (4779).wav,tb
tb (4780).wav,tb
tb (4781).wav,tb
tb (4782).wav,tb
tb (4783).wav,tb
tb (4784).wav,tb
tb (4785).wav,tb
tb (4786).wav,tb
tb (4787).wav,tb
tb (4788).wav,tb
tb (4789).wav,tb
tb (4790).wav,tb
tb (4791).wav,tb
tb (4792).wav,tb
tb (4793).wav,tb
tb (4794).wav,tb
tb (4795).wav,tb
tb (4796).wav,tb
tb (4797).wav,tb
tb (4798).wav,tb
tb (4799).wav,tb
tb (4800).wav,tb
tb (4801).wav,tb
tb (4802).wav,tb
tb (4803).wav,tb
tb (4804).wav,tb
tb (4805).wav,tb
tb (4806).wav,tb
tb (4807).wav,tb
tb (4808).wav,tb
tb (4809).wav,tb
tb (4810).wav,tb
tb (4811).wav,tb
tb (4812).wav,tb
tb (4813).wav,tb
tb (4814).wav,tb
tb (4815).wav,tb
tb (4816).wav,tb
tb (4817).wav,tb
tb (4818).wav,tb
tb (4819).wav,tb
tb (4820).wav,tb
tb (4821).wav,tb
tb (4822).wav,tb
tb (4823).wav,tb
tb (4824).wav,tb
tb (4825).wav,tb
tb (4826).wav,tb
tb (4827).wav,tb
tb (4828).wav,tb
tb (4829).wav,tb
tb (4830).wav,tb
tb (4831).wav,tb
tb (4832).wav,tb
tb (4833).wav,tb
tb (4834).wav,tb
tb (4835).wav,tb
tb (4836).wav,tb
tb (4837).wav,tb
tb (4838).wav,tb
tb (4839).wav,tb
tb (4840).wav,tb
tb (4841).wav,tb
tb (4842).wav,tb
tb (4843).wav,tb
tb (4844).wav,tb
tb (4845).wav,tb
tb (4846).wav,tb
tb (4847).wav,tb
tb (4848).wav,tb
tb (4849).wav,tb
tb (4850).wav,tb
tb (4851).wav,tb
tb (4852).wav,tb
tb (4853).wav,tb
tb (4854).wav,tb
tb (4855).wav,tb
tb (4856).wav,tb
tb (4857).wav,tb
tb (4858).wav,tb
tb (4859).wav,tb
tb (4860).wav,tb
tb (4861).wav,tb
tb (4862).wav,tb
tb (4863).wav,tb
tb (4864).wav,tb
tb (4865).wav,tb
tb (4866).wav,tb
tb (4867).wav,tb
tb (4868).wav,tb
tb (4869).wav,tb
tb (4870).wav,tb
tb (4871).wav,tb
tb (4872).wav,tb
tb (4873).wav,tb
tb (4874).wav,tb
tb (4875).wav,tb
tb (4876).wav,tb
tb (4877).wav,tb
tb (4878).wav,tb
tb (4879).wav,tb
tb (4880).wav,tb
tb (4881).wav,tb
tb (4882).wav,tb
tb (4883).wav,tb
tb (4884).wav,tb
tb (4885).wav,tb
tb (4886).wav,tb
tb (4887).wav,tb
